lad11cd,lad_name,all,bicycle,foot,car,other,govtarget_slc,govtarget_sic,govtarget_slw,govtarget_siw,govtarget_sld,govtarget_sid,cambridge_slc,cambridge_sic,cambridge_slw,cambridge_siw,cambridge_sld,cambridge_sid,dutch_slc,dutch_sic,dutch_slw,dutch_siw,dutch_sld,dutch_sid,govtarget_slmmet,govtarget_simmet,cambridge_slmmet,cambridge_simmet,dutch_slmmet,dutch_simmet,govtarget_slco2,govtarget_sico2,cambridge_slco2,cambridge_sico2,dutch_slco2,dutch_sico2,perc_rf_dist_u5km,avslope_perc_u5km
E06000001,Hartlepool, 14997,100, 8593, 3366, 2938,494.87,394.87,8391.37,-201.63,3293.4,-72.6,4355.25,4255.25,6405.4,-2187.6,2534.96,-831.04,7585.69,7485.69,4692.32,-3900.68,1926.34,-1439.66,0.0947,0.0767,0.841,0.823,1.55,1.53,-10.61,-7.56,-89028,-85984,-152.7,-149.66,94.38,1.12
E06000002,Middlesbrough, 23311,303,13915, 5350, 3743,931.2,628.2,13582.94,-332.06,5209.16,-140.84,6634.98,6331.98,10568.66,-3346.34,3902.47,-1447.53,11696.17,11393.17,7771.97,-6143.03,2828.1,-2521.9,0.0928,0.0728,0.763,0.743,1.46,1.44,-23.96,-16.37,-173157,-165567,-294.26,-286.67,94.74,1.04
E06000003,Redcar and Cleveland, 20610,498,13332, 3638, 3142,936.29,438.29,13013.23,-318.77,3576.16,-61.84,4787.44,4289.44,10293.91,-3038.09,3004.62,-633.38,8684.12,8186.12,7835.65,-5496.35,2380.59,-1257.41,0.0254,0.0186,0.244,0.238,0.8,0.79,-11.29,-5.45,-66116,-60268,-144.63,-138.78,90.62,1.57
E06000004,Stockton-on-Tees, 29449,480,17411, 6239, 5319,1224.95,744.95,16931.18,-479.82,6109.3,-129.7,8151.18,7671.18,12663.5,-4747.5,4807.53,-1431.47,14580.17,14100.17,9107.94,-8303.06,3588.44,-2650.56,0.0622,0.0404,0.512,0.49,1.35,1.33,-22.93,-13.03,-156885,-146981,-319.5,-309.6,89.55,1
E06000005,Darlington, 14684,383, 8683, 2975, 2643,673.91,290.91,8508.86,-174.14,2924.62,-50.38,3454.91,3071.91,6908.57,-1774.43,2420.64,-554.36,6449.62,6066.62,5265.22,-3417.78,1917.53,-1057.47,0.0774,0.045,0.571,0.539,1.39,1.36,-12.49,-4.93,-65763,-58203,-127.24,-119.68,89.28,1.3
E06000006,Halton, 19316,140, 9478, 6584, 3114,545.15,405.15,9273.54,-204.46,6459.87,-124.13,4767.96,4627.96,7194.75,-2283.25,5117.15,-1466.85,8508.77,8368.77,5438.16,-4039.84,3950.81,-2633.19,0.0597,0.0482,0.585,0.573,1.27,1.26,-17.57,-13.09,-162510,-158030,-315.7,-311.22,91.35,1.77
E06000007,Warrington, 30500,761,14279, 9941, 5519,1603.59,842.59,13894.77,-384.23,9697.4,-243.6,9009.26,8248.26,10534.09,-3744.91,7427.54,-2513.46,15594.35,14833.35,7641.4,-6637.6,5561.39,-4379.61,0.145,0.0846,0.901,0.841,1.86,1.8,-49.09,-25.42,-280552,-256877,-487.74,-464.07,90.91,0.91
E06000008,Blackburn with Darwen, 24698,51,10750, 8687, 5210,272.42,221.42,10665.06,-84.95,8605.53,-81.47,3210.43,3159.43,9618.66,-1131.34,7491.99,-1195.01,7373.31,7322.31,8198.18,-2551.82,6089.4,-2597.6,0.0363,0.032,0.493,0.488,1.37,1.37,-10.31,-8.68,-140847,-139208,-331.14,-329.5,91.35,3.35
E06000009,Blackpool, 19651,299,10325, 5570, 3457,871.56,572.56,10028.71,-296.29,5422.46,-147.54,6146.62,5847.62,7356.4,-2968.6,4005.73,-1564.27,10248.61,9949.61,5295.22,-5029.78,2929.89,-2640.11,0.0964,0.0677,0.752,0.723,1.43,1.4,-23.37,-14.6,-165657,-156888,-287.85,-279.08,93.52,0.84
E06000010,"Kingston upon Hull, City of", 36746,854,24618, 4992, 6282,2116.62,1262.62,23806.15,-811.85,4835.35,-156.65,12243.78,11389.78,17329.89,-7288.11,3491.47,-1500.53,20310.85,19456.85,12202.99,-12415.01,2470.28,-2521.72,0.117,0.0704,0.72,0.673,1.41,1.37,-37.46,-17.96,-189278,-169778,-319.26,-299.76,92.61,0.35
E06000011,East Riding of Yorkshire, 45503,1053,25487, 8519,10444,2121.37,1068.37,24794.29,-692.71,8358.18,-160.82,11540.4,10487.4,18783.29,-6703.7,6885.46,-1633.54,20431.12,19378.12,13749.34,-11737.66,5549.31,-2969.69,0.078,0.0426,0.502,0.467,1.36,1.32,-38.11,-16.89,-194292,-173073,-353.37,-332.15,82.05,0.92
E06000012,North East Lincolnshire, 23551,1469,15069, 3946, 3067,2215.51,746.51,14558.48,-510.52,3827.64,-118.36,7382.31,5913.31,10956.38,-4112.62,2982.63,-963.37,12282.48,10813.48,7722.74,-7346.26,2160.83,-1785.17,0.207,0.0463,0.511,0.351,1.05,0.89,-65.09,-14.46,-154065,-103427,-261.66,-211.02,92.32,0.6
E06000013,North Lincolnshire, 23042,221,13513, 4958, 4350,623.08,402.08,13250.81,-262.19,4888.21,-69.79,4816.61,4595.61,10572.86,-2940.14,4149.62,-808.38,9365.93,9144.93,8077.4,-5435.6,3431.05,-1526.95,0.0447,0.0322,0.43,0.418,1.35,1.34,-11.05,-5.3,-70043,-64292,-138.46,-132.71,84.59,1.26
E06000014,York, 23473,1611,13097, 4670, 4095,2247.07,636.07,12699.39,-397.61,4562.22,-107.78,6789.24,5178.24,9949.91,-3147.09,3746.01,-923.99,11611.02,10000.02,7201.3,-5895.7,2889.72,-1780.28,0.179,0.0533,0.63,0.504,1.36,1.23,-40.92,-9.88,-116518,-85479,-194.43,-163.39,89.1,0.81
E06000015,Derby, 35220,723,21867, 8185, 4445,1362.72,639.72,21418.81,-448.19,8075.31,-109.69,7626.34,6903.34,17278.44,-4588.56,6865.46,-1319.54,14709.41,13986.41,13174.25,-8692.75,5504.02,-2680.98,0.0442,0.0223,0.346,0.324,1.1,1.07,-22.9,-10.2,-152118,-139423,-326.06,-313.36,90.41,1.76
E06000016,Leicester, 51352,768,30830,11843, 7911,1792.83,1024.83,30254.97,-575.03,11601.15,-241.85,12102.05,11334.05,24615.18,-6214.82,9073.38,-2769.63,22993.6,22225.6,18888.6,-11941.4,6566.73,-5276.27,0.0893,0.0492,0.623,0.583,1.48,1.44,-53.2,-28.68,-369743,-345226,-759.58,-735.07,92.11,1.57
E06000017,Rutland,  4150,62, 1767, 1046, 1275,104.08,42.08,1740.34,-26.66,1036.69,-9.31,544.17,482.17,1473.73,-293.27,938.53,-107.47,1128.37,1066.37,1191.18,-575.82,832.47,-213.53,0.0297,0.0176,0.266,0.254,1.05,1.04,-1.47,-0.73,-10289,-9550,-22.73,-22,69.71,1.77
E06000018,Nottingham, 40405,417,25252, 7160, 7576,1043.57,626.57,24896.5,-355.5,7054.75,-105.25,7891,7474,21072.17,-4179.83,5856.45,-1303.55,15772.09,15355.09,16832.76,-8419.24,4567.71,-2592.29,0.0687,0.0361,0.484,0.451,1.23,1.2,-24.39,-11.18,-163061,-149845,-355.64,-342.42,91.98,2.28
E06000019,"Herefordshire, County of", 22050,291, 8617, 6742, 6400,571.9,280.9,8444.57,-172.43,6679.07,-62.93,3579.58,3288.58,6713.72,-1903.28,5953.69,-788.31,7100.13,6809.13,5152.93,-3464.07,5141.58,-1600.42,0.0427,0.0236,0.353,0.333,1.37,1.35,-14.62,-6.64,-95244,-87272,-239.06,-231.09,67.74,1.88
E06000020,Telford and Wrekin, 25909,256,12629, 9404, 3620,629.41,373.41,12419.79,-209.21,9284.51,-119.49,4896.79,4640.79,10172.28,-2456.72,7842.51,-1561.49,10033.26,9777.26,7973.59,-4655.41,6037.22,-3366.78,0.0449,0.0318,0.478,0.465,1.58,1.56,-21.77,-13.49,-202110,-193833,-539.21,-530.93,84.34,2.24
E06000021,Stoke-on-Trent, 37388,450,20752,10749, 5437,884.75,434.75,20510.5,-241.5,10630.12,-118.88,6099.44,5649.44,17730.41,-3021.59,9119.61,-1629.39,12869.74,12419.74,14394.97,-6357.03,7179.91,-3569.09,0.0483,0.0258,0.389,0.367,1.11,1.09,-25.1,-13.31,-214941,-203153,-536.67,-524.88,91.7,2.76
E06000022,Bath and North East Somerset, 21811,445,10913, 5278, 5175,652.79,207.79,10794.03,-118.97,5236.64,-41.36,3007.7,2562.7,9556.03,-1356.97,4748.28,-529.72,6893.6,6448.6,7937.58,-2975.42,3987.08,-1290.92,0.0479,0.0209,0.347,0.32,1.41,1.38,-13.1,-4.09,-70796,-61794,-201.4,-192.4,84.84,3.42
E06000023,"Bristol, City of", 53809,1392,31536,12817, 8064,2079.51,687.51,31114.42,-421.58,12659.47,-157.53,9274.42,7882.43,26875.93,-4660.07,10922,-1895,19478.59,18086.59,21440.97,-10095.03,8634.86,-4182.14,0.0842,0.0237,0.366,0.306,1.11,1.05,-58,-15.82,-254517,-212335,-588,-545.81,90.6,2.46
E06000024,North Somerset, 28062,898,15064, 6876, 5224,1574.13,676.13,14610.34,-453.66,6735.05,-140.95,7269.66,6371.66,11011.27,-4052.73,5482.48,-1393.52,13047.28,12149.28,7935.67,-7128.33,4306.31,-2569.69,0.0643,0.03,0.411,0.377,1.35,1.31,-37.9,-14.59,-170116,-146800,-342.13,-318.81,85.66,1.54
E06000025,South Gloucestershire, 38044,1530,21455, 9076, 5983,2245.05,715.05,20964.97,-490.03,8933.76,-142.24,8690.14,7160.14,16702.72,-4752.28,7578.41,-1497.59,16095.87,14565.87,12388.85,-9066.15,6043.84,-3032.16,0.0727,0.0221,0.318,0.267,0.98,0.93,-55.45,-14.05,-193278,-151873,-394.91,-353.5,86.59,1.84
E06000026,Plymouth, 35071,206,20992, 7559, 6314,426.65,220.65,20859.4,-132.6,7512.71,-46.29,3471.09,3265.09,19089.75,-1902.25,6859.54,-699.46,8894.14,8688.14,16529.91,-4462.09,5704.35,-1854.65,0.0307,0.014,0.245,0.228,1.04,1.02,-13.69,-4.85,-97099,-88261,-309.41,-300.57,89.05,4.28
E06000027,Torbay, 18167,105, 9315, 5816, 2931,204.42,99.42,9260.16,-54.84,5786.48,-29.52,1590.06,1485.06,8520.13,-794.87,5359.08,-456.92,4082.87,3977.87,7419,-1896,4642.65,-1173.35,0.0257,0.0128,0.219,0.206,0.97,0.95,-6.92,-3.06,-59006,-55144,-183.99,-180.12,86.65,4.63
E06000028,Bournemouth, 19331,1023, 8909, 6306, 3093,1538.29,515.29,8651.6,-257.4,6148.44,-157.56,5753.41,4730.41,6649.18,-2259.82,4770.51,-1535.49,10119.57,9096.57,4744.2,-4164.8,3471.01,-2834.99,0.227,0.0739,0.889,0.736,2.02,1.86,-59.3,-17.82,-212760,-171281,-397.99,-356.51,89.01,1.17
E06000029,Poole, 18194,842, 8047, 6558, 2747,1184.21,342.21,7879.54,-167.46,6449.89,-108.11,4341.48,3499.48,6388.75,-1658.25,5357,-1201,8317.92,7475.92,4820.79,-3226.21,4075.71,-2482.29,0.25,0.0598,0.82,0.63,2.08,1.89,-57.71,-13.65,-193122,-149057,-408.58,-364.52,87.45,1.82
E06000030,Swindon, 29859,1962,17948, 6489, 3460,2669.08,707.08,17469.42,-478.58,6335.12,-153.88,8025.8,6063.8,13863.88,-4084.12,5198.28,-1290.72,13870.58,11908.58,10307.27,-7640.73,3909.65,-2579.35,0.118,0.0287,0.372,0.283,0.99,0.9,-77.3,-16.52,-201530,-140746,-386.59,-325.8,90.82,1.36
E06000031,Peterborough, 29491,1585,17063, 6982, 3861,2488.55,903.55,16497.22,-565.78,6759.25,-222.75,9095.72,7510.73,12307.62,-4755.38,5156.11,-1825.89,15340.78,13755.78,8716.67,-8346.33,3698.66,-3283.34,0.202,0.0555,0.611,0.464,1.41,1.26,-94.51,-27.67,-284025,-217187,-497.59,-430.76,88.32,0.62
E06000032,Luton, 34195,271,21107, 8797, 4020,908.5,637.5,20705.82,-401.18,8635.9,-161.1,7687.94,7416.94,16533.06,-4573.94,6886.75,-1910.25,14131.94,13860.94,12723.52,-8383.48,5346.33,-3450.67,0.0402,0.0288,0.372,0.361,0.9,0.89,-23.44,-16.74,-212259,-205556,-404.35,-397.65,93.39,1.77
E06000033,Southend-on-Sea, 25493,958,15791, 4705, 4039,1669.45,711.45,15329.98,-461.02,4581.93,-123.07,7736.46,6778.46,11475.19,-4315.81,3489.99,-1215.01,13521.89,12563.89,8242.12,-7548.88,2372.5,-2332.5,0.145,0.0516,0.639,0.545,1.6,1.5,-44.36,-15.46,-186841,-157942,-389.65,-360.75,90.39,1.04
E06000034,Thurrock, 25288,599,14194, 6503, 3992,1172.29,573.29,13831.7,-362.3,6370.32,-132.68,6292.63,5693.63,10775.52,-3418.48,5115.8,-1387.2,11293.6,10694.6,8073.11,-6120.89,3877.64,-2625.36,0.071,0.0402,0.52,0.489,1.35,1.32,-36.23,-15.41,-186745,-165927,-398.89,-378.07,86.58,1.19
E06000035,Medway, 41257,337,22343,12211, 6366,773.26,436.26,22090.59,-252.41,12087.47,-123.53,6189.5,5852.5,19069.62,-3273.38,10505.62,-1705.38,13870.38,13533.38,15460.33,-6882.68,8322.86,-3888.14,0.0488,0.0243,0.38,0.356,1.32,1.29,-32.83,-14.91,-241339,-223423,-652.59,-634.68,86.39,2.98
E06000036,Bracknell Forest, 16380,663, 8841, 4954, 1922,957.33,294.33,8662.65,-178.35,4869.33,-84.67,3694.4,3031.4,7089.06,-1751.94,4046.51,-907.49,7006.34,6343.34,5364.66,-3476.34,3083.75,-1870.25,0.0902,0.0339,0.477,0.421,1.32,1.26,-33.62,-9.75,-133445,-109575,-291.41,-267.54,88.29,1.79
E06000037,West Berkshire, 22669,685,11111, 6223, 4650,1121.31,436.31,10858.23,-252.77,6126.13,-96.87,5118.16,4433.16,8624.27,-2486.73,5167.31,-1055.69,9451.36,8766.36,6570.7,-4540.3,4183.09,-2039.91,0.126,0.0428,0.559,0.475,1.57,1.48,-32.82,-11.09,-142967,-121236,-303.54,-281.81,82.28,1.67
E06000038,Reading, 20808,389,11469, 4420, 4530,738.06,349.06,11277.16,-191.84,4358.19,-61.82,4391.51,4002.51,9365.8,-2103.2,3646.29,-773.71,8887.79,8498.79,7249.18,-4219.82,2856.01,-1563.99,0.13,0.0469,0.669,0.585,1.82,1.74,-17.86,-6.56,-100180,-88880,-233.96,-222.66,87.21,1.81
E06000039,Slough, 25024,459,12624, 8670, 3271,1179.51,720.51,12253.31,-370.69,8419.43,-250.57,7599.38,7140.38,9008.81,-3615.19,6135.41,-2534.59,12808.66,12349.66,6449.83,-6174.17,4404.7,-4265.3,0.129,0.0745,0.814,0.759,1.68,1.62,-54.34,-30.83,-331714,-308209,-597.77,-574.26,89.28,0.65
E06000040,Windsor and Maidenhead, 18793,773, 8296, 6643, 3081,1226.21,453.21,8065.06,-230.94,6490.48,-152.52,5141.9,4368.9,6145.59,-2150.41,5121.61,-1521.39,9151.05,8378.05,4428.76,-3867.24,3773.21,-2869.79,0.197,0.0674,0.827,0.698,1.98,1.85,-59.52,-19.56,-233667,-193714,-476.31,-436.36,83.87,1.12
E06000041,Wokingham, 23132,1361,11288, 6788, 3695,1899.07,538.07,10963.6,-324.4,6651,-137,6172.51,4811.51,8563.79,-2724.21,5457.18,-1330.82,11198.1,9837.1,6173.56,-5114.44,4148.99,-2639.01,0.19,0.0482,0.651,0.51,1.81,1.67,-77.33,-16.63,-210692,-149994,-430.25,-369.55,84.54,1.23
E06000042,Milton Keynes, 40580,2061,22485,11291, 4743,2740.23,679.23,22068.69,-416.31,11095.89,-195.11,8679.87,6618.87,18512.02,-3972.98,9412.73,-1878.27,16372.1,14311.1,14349.19,-8135.81,7194.46,-4096.54,0.138,0.0325,0.462,0.356,1.2,1.09,-120.21,-23.43,-328814,-232025,-695.67,-598.88,86.7,1.74
E06000043,Brighton and Hove, 29497,404,17216, 6051, 5826,696.98,292.98,17053.34,-162.66,5996.37,-54.63,4186.11,3782.11,15208.83,-2007.17,5303.61,-747.39,9011.44,8607.44,12832.13,-4383.87,4440.39,-1610.61,0.0408,0.0234,0.351,0.334,1.03,1.01,-12.05,-5.66,-94045,-87657,-223.89,-217.5,91.8,3.62
E06000044,Portsmouth, 24479,679,18073, 3269, 2458,1459.83,780.83,17486.68,-586.32,3179.87,-89.13,7681.77,7002.77,12837.05,-5235.95,2398.3,-870.7,12593.93,11914.93,9191.64,-8881.36,1766.51,-1502.49,0.0544,0.025,0.273,0.244,0.59,0.56,-21.63,-8.75,-98108,-85233,-173.16,-160.29,95.94,0.68
E06000045,Southampton, 27203,423,17397, 5754, 3629,877.03,454.03,17103.24,-293.76,5662.92,-91.08,5626.23,5203.23,14114.16,-3282.84,4648.92,-1105.08,10670.32,10247.32,11070.41,-6326.59,3606.39,-2147.61,0.0602,0.0269,0.368,0.334,0.92,0.89,-22.68,-9.4,-135599,-122317,-291.4,-278.12,92.65,1.94
E06000046,Isle of Wight, 17559,171, 9058, 4012, 4318,373.19,202.19,8926.69,-131.31,3972.34,-39.66,2783.55,2612.55,7406.53,-1651.47,3480.32,-531.68,5822.74,5651.74,5855.1,-3202.9,2918.26,-1093.74,0.0335,0.0183,0.285,0.27,1.17,1.16,-7.23,-4.17,-62997,-59935,-154.4,-151.34,79.06,2.87
E06000047,County Durham, 73417,315,35231,17649,20222,1152.2,837.2,34767.59,-463.41,17480.31,-168.69,11231.13,10916.13,29480.98,-5750.02,15358.86,-2290.14,24951.91,24636.91,23898.57,-11332.43,12842.07,-4806.93,0.0347,0.029,0.439,0.433,1.64,1.64,-22.96,-15.21,-238273,-230522,-599.77,-592.02,80.68,2.52
E06000048,Northumberland, 46137,636,24671, 9442,11388,1414.89,778.89,24174.13,-496.87,9291.72,-150.28,9242.69,8606.69,19306.58,-5364.42,7768.63,-1673.37,17688.96,17052.96,14822.38,-9848.62,6211.06,-3230.94,0.0438,0.0286,0.378,0.363,1.22,1.21,-30.05,-17.09,-210013,-197058,-456.99,-444.03,80.56,1.97
E06000049,Cheshire East, 48384,738,23274,15367, 9005,1711.08,973.08,22687.17,-586.83,15132.04,-234.96,11355.08,10617.08,17265.9,-6008.1,12568.3,-2798.7,21013.65,20275.65,12728.76,-10545.24,10000.85,-5366.15,0.0719,0.0393,0.543,0.511,1.55,1.52,-50.21,-24.7,-330843,-305332,-737.77,-712.26,83.77,1.49
E06000050,Cheshire West and Chester, 45121,773,20812,14293, 9243,1724.2,951.2,20277.74,-534.26,14042.65,-250.35,10802.99,10029.99,15465.71,-5346.29,11495.83,-2797.17,19970.63,19197.63,11408.71,-9403.29,9137.96,-5155.04,0.0809,0.0458,0.592,0.557,1.7,1.67,-51.22,-26.83,-327961,-303570,-673.4,-649.01,82.12,1.3
E06000051,Shropshire, 37657,1020,16605,10538, 9494,1539.63,519.63,16290.96,-314.04,10411.82,-126.18,6472.73,5452.73,13441.73,-3163.27,9205.91,-1332.09,12930.72,11910.72,10451.68,-6153.31,7729.77,-2808.23,0.0814,0.0255,0.374,0.318,1.37,1.31,-49.81,-12.63,-174172,-136986,-383.29,-346.1,74.04,1.85
E06000052,Cornwall, 69917,728,29651,23026,16512,1141.35,413.35,29419.23,-231.77,22906.25,-119.75,6432.08,5704.08,26573.13,-3077.87,21361.7,-1664.3,16019.39,15291.39,22712.54,-6938.46,19042.07,-3983.93,0.0332,0.0129,0.227,0.207,1.11,1.09,-33.92,-10.98,-194530,-171596,-536.46,-513.52,74.79,3.98
E06000053,Isles of Scilly,   274,39,  207,   27,    1,40.13,1.13,206,-1,26.87,-0.13,39,0,207,0,27,0,39,0,207,0,27,0,0.00141,0.0000398,0.00137,0,0,0,-0.04,0,-40,0,-0.04,0,100,2.93
E06000054,Wiltshire, 64360,1153,31604,15972,15631,2073.73,920.73,31000.19,-603.81,15792.15,-179.85,11547.38,10394.38,25062.55,-6541.45,13821.9,-2150.1,22767.84,21614.84,19307.79,-12296.2,11596.65,-4375.35,0.0502,0.0212,0.321,0.292,1.23,1.2,-50.92,-19.4,-273186,-241667,-660.55,-629.03,76.56,1.97
E06000055,Bedford, 23756,792,12257, 5201, 5506,1451.58,659.58,11858.48,-398.52,5063.99,-137.01,7075.29,6283.29,8558.29,-3698.71,3867.46,-1333.54,12576.33,11784.33,6004.06,-6252.94,2827.6,-2373.4,0.153,0.0639,0.793,0.704,2.24,2.15,-43.76,-17.48,-197690,-171405,-389.37,-363.08,79.49,0.92
E06000056,Central Bedfordshire, 39449,506,22474, 8277, 8192,1427.09,921.09,21870.82,-603.18,8131.03,-145.97,10578.23,10072.23,16068.76,-6405.24,6629.39,-1647.61,19722.39,19216.39,11580.9,-10893.1,5106.48,-3170.52,0.0688,0.0456,0.615,0.592,1.98,1.95,-35.3,-16.86,-216172,-197733,-491.22,-472.78,82.11,1.35
E07000004,Aylesbury Vale, 26992,442,12296, 6457, 7797,885.7,443.7,12022.44,-273.56,6367.21,-89.79,5234.25,4792.25,9534.38,-2761.62,5408.29,-1048.71,10248.21,9806.21,7230.83,-5065.17,4505.45,-1951.55,0.0613,0.0378,0.524,0.501,1.81,1.78,-18.75,-10.16,-133451,-124859,-297.15,-288.56,72.72,1.33
E07000005,Chiltern, 13969,200, 5422, 4168, 4179,384.53,184.53,5339.13,-82.87,4115.4,-52.6,2429.21,2229.21,4463.72,-958.28,3508.59,-659.41,5335.49,5135.49,3508.65,-1913.35,2824.88,-1343.12,0.0926,0.0483,0.677,0.633,2.39,2.35,-14.24,-6.22,-88601,-80575,-217.19,-209.16,75.34,2.32
E07000006,South Bucks,  8678,105, 2658, 2675, 3240,212.22,107.22,2602.91,-55.09,2640.83,-34.17,1352.91,1247.91,2084.98,-573.03,2243.61,-431.39,3076.6,2971.6,1582.99,-1075.01,1817.45,-857.55,0.0747,0.0411,0.616,0.582,2.78,2.74,-8.35,-4.03,-57718,-53402,-152.27,-147.95,57.76,1.2
E07000007,Wycombe, 26235,204, 9924, 9216, 6891,462.18,258.18,9800.87,-123.13,9134.74,-81.26,3556.51,3352.51,8481.61,-1442.39,8082.83,-1133.17,8347.08,8143.08,6983.71,-2940.29,6676.23,-2539.77,0.0562,0.0343,0.538,0.516,2,1.98,-17.09,-9.86,-157811,-150581,-438.15,-430.92,74.56,2.91
E07000008,Cambridge, 10757,3230, 4982, 1677,  868,3536.93,306.93,4787.51,-194.49,1605.33,-71.67,4017.57,787.57,4539.1,-442.9,1482.48,-194.52,5711.77,2481.77,3471.69,-1510.31,1156.99,-520.01,0.509,0.0488,0.658,0.198,1.12,0.66,-100.56,-8.17,-111600,-19216,-151.23,-58.84,94.9,0.68
E07000009,East Cambridgeshire, 10835,409, 4962, 2234, 3230,589.96,180.96,4857.9,-104.09,2201.26,-32.74,2125.42,1716.42,4041.18,-920.82,1923.4,-310.6,4458.82,4049.82,3158.01,-1803.99,1573.21,-660.79,0.102,0.0443,0.629,0.571,2.48,2.42,-10.03,-2.79,-36424,-29178,-79.49,-72.24,73.51,1.05
E07000010,Fenland, 13243,855, 6579, 3427, 2382,1268.94,413.94,6313.66,-265.34,3322.57,-104.43,3909.43,3054.43,4653.17,-1925.83,2648.72,-778.28,6328.32,5473.32,3235.35,-3343.65,2022.08,-1404.92,0.126,0.0454,0.458,0.378,0.96,0.88,-40.34,-12.43,-112749,-84832,-176.19,-148.27,85.53,0.34
E07000011,Huntingdonshire, 24473,1723,13242, 4369, 5139,2278.03,555.03,12865.2,-376.8,4270.87,-98.13,6121.83,4398.83,10241.49,-3000.51,3670.46,-698.54,10960.1,9237.1,7528.27,-5713.73,2908.59,-1460.41,0.197,0.0339,0.456,0.293,1.47,1.3,-87.46,-12.71,-151943,-77194,-263.05,-188.31,81.53,1.03
E07000012,South Cambridgeshire, 19734,1626, 8525, 3617, 5966,1993.42,367.42,8327.98,-197.02,3557.17,-59.83,4425.85,2799.85,7220.61,-1304.39,3221.04,-395.96,8575.86,6949.86,5582.19,-2942.81,2705.98,-911.02,0.217,0.065,0.848,0.696,2.59,2.44,-39.69,-5.56,-74907,-40777,-136.47,-102.34,71.47,0.82
E07000026,Allerdale, 14216,90, 6976, 3841, 3309,257.23,167.23,6882.88,-93.12,3799.43,-41.57,2221.23,2131.23,5808.76,-1167.24,3294.7,-546.3,4514.1,4424.1,4663.44,-2312.56,2746.97,-1094.03,0.0328,0.0238,0.337,0.328,0.98,0.97,-5.5,-4.06,-58944,-57500,-131.25,-129.8,76.51,2.4
E07000027,Barrow-in-Furness, 10397,84, 6000, 2418, 1895,246.32,162.32,5910.33,-89.67,2381.44,-36.56,2084.81,2000.81,4920.92,-1079.08,1963.04,-454.96,4225.04,4141.04,3845.2,-2154.8,1486.42,-931.58,0.05,0.035,0.482,0.467,1.21,1.2,-7.11,-3.89,-54929,-51709,-117.61,-114.39,94.22,2.2
E07000028,Carlisle, 13703,220, 6528, 3212, 3743,421.93,201.93,6414.61,-113.39,3170.39,-41.61,2441.56,2221.56,5325.62,-1202.38,2730.33,-481.67,4933.5,4713.5,4159.28,-2368.72,2229.93,-982.07,0.0618,0.0358,0.473,0.447,1.53,1.5,-9.55,-4.99,-66622,-62054,-152.82,-148.25,77.69,1.72
E07000029,Copeland, 10062,17, 3566, 3424, 3055,109.93,92.93,3530.3,-35.7,3395.23,-28.77,1306.23,1289.23,3108.05,-457.95,3015.71,-408.29,3057.87,3040.87,2636.5,-929.5,2506.7,-917.3,0.043,0.0377,0.576,0.571,1.8,1.8,-3.85,-3.15,-49268,-48566,-129.81,-129.11,83.72,3.13
E07000030,Eden,  7284,19, 2822, 1491, 2952,72.65,53.65,2789.6,-32.4,1484.39,-6.61,767.39,748.39,2381.64,-440.36,1396.32,-94.68,1707.49,1688.49,1995.79,-826.21,1298.81,-192.19,0.0245,0.0181,0.284,0.278,1.22,1.21,-0.56,-0.46,-8046,-7952,-18.04,-17.94,65,2.86
E07000031,South Lakeland, 13374,148, 6341, 3196, 3689,292.07,144.07,6254.98,-86.02,3169,-27,1895.71,1747.71,5345.43,-995.57,2842.73,-353.27,3938.25,3790.25,4432.49,-1908.51,2437.25,-758.75,0.0456,0.0225,0.337,0.314,1.16,1.14,-6.6,-2.92,-43550,-39869,-104.54,-100.86,79.45,3.02
E07000032,Amber Valley, 17884,108,10326, 4531, 2919,304.04,196.03,10203.59,-122.41,4493.77,-37.23,2790.7,2682.7,8687.79,-1638.21,3999.72,-531.28,5895.89,5787.89,7017.29,-3308.71,3374.34,-1156.66,0.0263,0.019,0.293,0.285,0.93,0.92,-5.17,-3.44,-57995,-56261,-150.12,-148.39,88.97,3.01
E07000033,Bolsover, 11180,68, 5715, 3135, 2262,196.9,128.9,5640.19,-74.81,3107.97,-27.03,1748.99,1680.99,4806.27,-908.73,2756.02,-378.98,3807.12,3739.12,3894.82,-1820.18,2285.63,-849.37,0.0319,0.0282,0.446,0.442,1.45,1.45,-3.32,-2.48,-41019,-40179,-122.85,-122.01,81.76,2.54
E07000034,Chesterfield, 14777,64, 8200, 4064, 2449,251.73,187.73,8095.84,-104.16,4020.3,-43.7,2624.13,2560.13,6809.78,-1390.22,3447.51,-616.49,5370.76,5306.76,5488.01,-2711.99,2825.58,-1238.42,0.0405,0.0296,0.437,0.427,1.2,1.19,-6.11,-4.21,-67205,-65306,-150.81,-148.91,92.09,2.65
E07000035,Derbyshire Dales,  9669,38, 3916, 2496, 3219,80.51,42.51,3894.93,-21.07,2486.85,-9.15,680.04,642.04,3606.5,-309.5,2360.18,-135.82,1897.4,1859.4,3171.49,-744.51,2196.97,-299.03,0.0193,0.0141,0.236,0.231,1.27,1.27,-1.39,-0.81,-14907,-14333,-37.54,-36.96,66.3,4.23
E07000036,Erewash, 15948,322, 9615, 3735, 2276,645.83,323.83,9404.96,-210.04,3676.2,-58.8,3708.21,3386.21,7573.84,-2041.16,3020.79,-714.21,6910.73,6588.73,5811.79,-3803.21,2342.01,-1392.99,0.0372,0.0322,0.447,0.442,1.15,1.15,-9.9,-5.92,-81916,-77935,-178.72,-174.74,91.34,1.94
E07000037,High Peak, 13035,59, 6800, 3600, 2576,156.68,97.68,6743.69,-56.31,3578.96,-21.04,1459.55,1400.55,6026.69,-773.31,3292.89,-307.11,3391.53,3332.53,5077.44,-1722.56,2904.77,-695.23,0.0184,0.0145,0.243,0.239,0.8,0.8,-2.52,-1.55,-28949,-27977,-74.05,-73.08,90.11,3.84
E07000038,North East Derbyshire, 13477,32, 6124, 3547, 3774,152.81,120.81,6069.46,-54.54,3526.14,-20.86,1763.97,1731.97,5366.34,-757.66,3232.3,-314.7,4375.59,4343.59,4445.74,-1678.26,2842.27,-704.73,0.0457,0.0341,0.531,0.52,1.88,1.86,-3.15,-1.87,-34405,-33124,-94.56,-93.28,81.17,3.29
E07000039,South Derbyshire, 13787,117, 6475, 3704, 3491,281.65,164.65,6395.68,-79.32,3672.43,-31.57,2255.22,2138.22,5497.85,-977.15,3264.94,-439.06,5244.46,5127.46,4441.23,-2033.77,2760.43,-943.57,0.0737,0.0457,0.69,0.662,2.33,2.3,-5.61,-2.63,-45224,-42252,-114.06,-111.09,80.23,2.29
E07000040,East Devon, 16695,306, 8079, 4194, 4116,442.06,136.06,7983.85,-95.15,4172.48,-21.52,1979.87,1673.87,6962.9,-1116.1,3912.01,-281.99,4444.25,4138.25,5684.58,-2394.42,3538.33,-655.67,0.0197,0.01,0.176,0.166,0.99,0.98,-6.73,-1.78,-31952,-27006,-88.02,-83.08,72.76,3.25
E07000041,Exeter, 13368,593, 8126, 2848, 1801,762.26,169.26,8009.34,-116.66,2819.5,-28.5,2301.83,1708.83,6987.74,-1138.26,2541.04,-306.96,4588.72,3995.72,5638.97,-2487.03,2104.57,-743.43,0.0875,0.0166,0.277,0.206,0.82,0.75,-17.76,-2.98,-51218,-36430,-120.2,-105.42,91.08,2.91
E07000042,Mid Devon, 10496,133, 5051, 2421, 2891,229.96,96.96,4982.52,-68.48,2406.42,-14.58,1280.06,1147.06,4293.76,-757.24,2234.48,-186.52,2853.22,2720.22,3559.89,-1491.11,2009.59,-411.41,0.0229,0.0121,0.222,0.212,1.22,1.21,-3.74,-1.38,-22013,-19655,-59.6,-57.24,69.63,3.15
E07000043,North Devon, 12309,348, 6179, 3204, 2578,441.78,93.78,6121.76,-57.24,3182.18,-21.82,1344.38,996.38,5593.68,-585.32,2967.24,-236.76,2925.05,2577.05,4829.95,-1349.05,2635.07,-568.93,0.0803,0.0159,0.257,0.193,0.93,0.87,-14.74,-2.45,-39144,-26851,-90.69,-78.4,79.08,4.19
E07000044,South Hams, 11553,97, 4949, 2713, 3794,134.92,37.92,4924.54,-24.46,2706.26,-6.74,661.79,564.79,4591.15,-357.85,2616.97,-96.03,1951.78,1854.78,4084.52,-864.48,2423.97,-289.03,0.0296,0.00718,0.144,0.121,1.1,1.07,-3.7,-0.66,-14916,-11875,-56.21,-53.17,67.46,5.03
E07000045,Teignbridge, 17169,161, 8110, 4268, 4630,257.71,96.71,8047.33,-62.67,4248.51,-19.49,1473.75,1312.75,7316.45,-793.55,3982.18,-285.82,3740.52,3579.52,6354.85,-1755.15,3561.22,-706.78,0.0219,0.0112,0.205,0.195,1.16,1.15,-5.07,-1.96,-36945,-33828,-114.06,-110.94,74.36,4.12
E07000046,Torridge,  8227,35, 3753, 2121, 2318,72.46,37.46,3729.26,-23.74,2112.49,-8.51,588.77,553.77,3415.7,-337.3,1990.78,-130.22,1391.71,1356.71,3004.2,-748.8,1808.21,-312.79,0.0156,0.00803,0.145,0.138,0.57,0.57,-1.74,-0.8,-15138,-14196,-43.7,-42.76,70.6,3.72
E07000047,West Devon,  6915,48, 2719, 1544, 2604,74.75,26.75,2699.19,-19.81,1540.11,-3.89,397.59,349.59,2474.17,-244.83,1486.43,-57.57,1107.95,1059.95,2174.85,-544.15,1410.36,-133.64,0.0158,0.00411,0.0896,0.078,0.98,0.96,-0.64,-0.24,-4988,-4582,-15.41,-15,61.11,4.26
E07000048,Christchurch,  5983,399, 2637, 2291,  656,598.36,199.36,2533.03,-103.97,2215.48,-75.52,2050.01,1651.01,1799.4,-837.6,1654.41,-636.59,3247.34,2848.34,1242.51,-1394.49,1195.77,-1095.23,0.274,0.0805,0.88,0.687,1.62,1.42,-34,-9.98,-103057,-79039,-166.01,-141.99,91.26,0.76
E07000049,East Dorset, 10447,355, 2970, 4039, 3083,547.67,192.67,2897.21,-72.79,3955.81,-83.19,2270.27,1915.27,2290.15,-679.85,3186.56,-852.44,4405.73,4050.73,1700.51,-1269.49,2350.4,-1688.6,0.199,0.0728,0.924,0.798,2.63,2.5,-29.32,-11.3,-137085,-119065,-318.77,-300.75,69.21,1.61
E07000050,North Dorset,  8800,104, 4012, 2137, 2547,200.59,96.59,3944.25,-67.75,2121.03,-15.97,1320.6,1216.6,3186.81,-825.19,1933.21,-203.79,2716.43,2612.43,2490.78,-1521.22,1719.35,-417.65,0.0301,0.0122,0.22,0.202,1.15,1.14,-3.33,-1.3,-20707,-18674,-50.23,-48.2,69.75,2.44
E07000051,Purbeck,  5910,134, 1852, 1794, 2130,218.45,84.45,1822.34,-29.66,1762.18,-31.82,1038.71,904.71,1538.91,-313.09,1455.18,-338.82,2094.12,1960.12,1226.02,-625.98,1122.28,-671.72,0.147,0.0609,0.78,0.694,2.13,2.04,-11.42,-4.51,-56132,-49224,-113.27,-106.36,72.96,2.29
E07000052,West Dorset, 12640,179, 5439, 2995, 4027,312.23,133.23,5351.2,-87.8,2969.84,-25.16,1827.33,1648.33,4396.67,-1042.33,2674.69,-320.31,3945.27,3766.27,3474.07,-1964.93,2279.2,-715.8,0.0435,0.0159,0.278,0.251,1.37,1.34,-8.19,-2.61,-41772,-36190,-104.68,-99.09,69.13,2.62
E07000053,Weymouth and Portland,  8685,168, 4619, 1959, 1939,280.71,112.71,4555.29,-63.71,1937.77,-21.23,1525.01,1357.01,3878.89,-740.11,1691.08,-267.92,3168.91,3000.91,3119.78,-1499.22,1393.55,-565.45,0.0742,0.0326,0.471,0.43,1.48,1.44,-5.71,-2.27,-34048,-30603,-80.54,-77.1,84.74,2.78
E07000061,Eastbourne, 11646,357, 5844, 3346, 2099,593.08,236.08,5722.17,-121.83,3279.1,-66.9,2881.36,2524.36,4555.95,-1288.05,2614.97,-731.03,5114.9,4757.9,3427.74,-2416.26,2015.13,-1330.87,0.155,0.0546,0.681,0.581,1.33,1.23,-23.18,-7.87,-100896,-85586,-181.15,-165.84,93.35,1.49
E07000062,Hastings, 12295,105, 5939, 3725, 2526,185.94,80.94,5899.39,-39.61,3702.67,-22.33,1299.85,1194.85,5385.22,-553.78,3380.14,-344.86,3325.47,3220.47,4548.8,-1390.2,2862.97,-862.03,0.0432,0.0199,0.342,0.319,1.21,1.19,-7.34,-2.6,-49599,-44863,-141.19,-136.46,87.91,4.25
E07000063,Lewes, 11610,295, 6109, 3005, 2201,429.61,134.61,6025.31,-83.69,2977.49,-27.51,1799.25,1504.25,5232.38,-876.62,2686.71,-318.29,3689.87,3394.87,4276.49,-1832.51,2310.03,-694.97,0.0325,0.0194,0.296,0.283,0.98,0.96,-7.01,-2.17,-33040,-28202,-77.95,-73.11,84.79,2.97
E07000064,Rother, 10184,77, 3945, 3188, 2974,186.86,109.86,3884.35,-60.65,3161.44,-26.56,1480.46,1403.46,3214.45,-730.55,2825.73,-362.27,3070.23,2993.23,2563.17,-1381.83,2482.69,-705.31,0.0348,0.0248,0.375,0.365,1.35,1.34,-4.5,-2.57,-39436,-37512,-86.1,-84.17,72.99,2.65
E07000065,Wealden, 18706,168, 8239, 5524, 4775,363.33,195.33,8119.99,-119.01,5477.23,-46.77,2695.73,2527.73,6772.87,-1466.13,4895.52,-628.48,5604.82,5436.82,5386.87,-2852.13,4255.08,-1268.92,0.038,0.0183,0.297,0.277,1.08,1.06,-10.62,-4.61,-71080,-65065,-163.41,-157.4,78.17,2.73
E07000066,Basildon, 25459,255,15527, 5853, 3824,680.29,425.29,15232.58,-294.42,5769.69,-83.31,5274.25,5019.25,12146.17,-3380.82,4794.44,-1058.56,10198,9943,9199.81,-6327.19,3640.47,-2212.53,0.0364,0.0235,0.335,0.322,1.09,1.07,-16.55,-10.16,-146233,-139838,-386.96,-380.56,86.7,1.66
E07000067,Braintree, 20024,270,11197, 4350, 4207,576.56,306.56,10978.01,-218.99,4298.85,-51.15,3725.03,3455.03,8858.09,-2338.91,3718.66,-631.34,7153.36,6883.36,6846.97,-4350.03,3182.24,-1167.76,0.0295,0.0184,0.293,0.282,0.99,0.98,-10.71,-4.92,-68294,-62504,-137.68,-131.89,79.83,1.71
E07000068,Brentwood,  9984,93, 4441, 3157, 2293,264.24,171.24,4345.36,-95.64,3108.48,-48.52,2157.1,2064.1,3341.48,-1099.52,2541.05,-615.95,4335.93,4242.93,2469.38,-1971.62,1967.66,-1189.34,0.0579,0.0434,0.609,0.594,2.16,2.15,-9.03,-6.04,-82144,-79158,-180.6,-177.62,80.96,1.76
E07000069,Castle Point, 12242,627, 7252, 2844, 1519,975.81,348.81,7004.83,-247.17,2770.25,-73.75,3625.17,2998.17,5242.76,-2009.24,2142.78,-701.22,6115.27,5488.27,3753.48,-3498.52,1533.42,-1310.58,0.0611,0.0207,0.312,0.271,0.9,0.86,-23.73,-7.73,-89183,-73178,-176.27,-160.26,92.1,1.06
E07000070,Chelmsford, 23677,781,12617, 5822, 4457,1290.69,509.69,12306.13,-310.87,5715.85,-106.15,5957.16,5176.16,9537.17,-3079.83,4709.71,-1112.29,10889.51,10108.51,7036.67,-5580.33,3632.85,-2189.15,0.111,0.0471,0.602,0.538,1.63,1.57,-34.3,-12.22,-156946,-134860,-333.5,-311.41,85.92,1.27
E07000071,Colchester, 22400,864,12585, 5189, 3762,1373.29,509.29,12242.33,-342.66,5095.19,-93.81,5589.78,4725.78,9539.13,-3045.87,4239.86,-949.14,10219.73,9355.73,7048.56,-5536.44,3342.78,-1846.22,0.109,0.0363,0.495,0.423,1.5,1.43,-32.19,-10.46,-129140,-107413,-276.01,-254.29,84.72,1.08
E07000072,Epping Forest, 16406,52, 6595, 5433, 4326,266.63,214.63,6489.53,-105.47,5371.77,-61.23,2761.72,2709.72,5338.2,-1256.8,4611.75,-821.25,5753.53,5701.53,4236.6,-2358.4,3742.59,-1690.41,0.0495,0.0407,0.58,0.572,1.84,1.84,-8.61,-7.21,-104675,-103273,-281.18,-279.78,73.32,2.06
E07000073,Harlow, 13017,390, 7482, 3939, 1206,654.08,264.08,7335.39,-146.61,3852.87,-86.13,3141.7,2751.7,5952.5,-1529.5,3030.25,-908.75,5612.04,5222.04,4557.1,-2924.9,2251.86,-1687.14,0.107,0.0442,0.527,0.464,1.07,1,-27.76,-10.73,-131958,-114928,-249.42,-232.39,93.31,1.65
E07000074,Maldon,  8979,86, 3830, 1996, 3067,205.46,119.46,3757.37,-72.63,1979.84,-16.16,1475.32,1389.32,3026.68,-803.32,1781.55,-214.45,2916.21,2830.21,2328.81,-1501.19,1581.89,-414.11,0.0419,0.0326,0.437,0.428,1.42,1.41,-2.77,-1.6,-23916,-22750,-56.35,-55.19,71.38,1.37
E07000075,Rochford, 12196,267, 6881, 2892, 2156,487.26,220.26,6736.16,-144.84,2844.52,-47.48,2700.17,2433.17,5347.72,-1533.28,2333.46,-558.54,5151.64,4884.64,4049.29,-2831.71,1725.48,-1166.52,0.0587,0.0326,0.467,0.441,1.45,1.42,-12.63,-5.65,-78600,-71618,-196.9,-189.92,81.78,1.56
E07000076,Tendring, 18418,490, 8783, 5172, 3973,961.25,471.25,8513.99,-269.01,5051.69,-120.31,4946.63,4456.63,6321.12,-2461.88,4024.44,-1147.56,8390.76,7900.76,4589.6,-4193.4,3211.74,-1960.26,0.091,0.0484,0.548,0.505,1.39,1.35,-30.98,-13.55,-139881,-122452,-248.41,-230.98,83.47,0.94
E07000077,Uttlesford, 11474,37, 4953, 2839, 3645,146.57,109.57,4890.4,-62.6,2820,-19,1524.09,1487.09,4131.34,-821.66,2579.53,-259.47,3745.04,3708.04,3231.04,-1721.96,2242.37,-596.63,0.0341,0.0251,0.403,0.394,1.89,1.88,-2.76,-1.73,-28790,-27763,-90.63,-89.61,64.36,2.07
E07000078,Cheltenham, 13467,321, 7538, 3361, 2247,634.38,313.38,7341.64,-196.36,3289.88,-71.12,3646.61,3325.61,5550.16,-1987.84,2558.51,-802.49,6547.3,6226.3,4008.73,-3529.27,1885.11,-1475.89,0.0775,0.0461,0.614,0.583,1.51,1.47,-16.53,-8.26,-105549,-97277,-204.71,-196.44,87.59,1.33
E07000079,Cotswold, 10152,209, 3845, 2508, 3590,339.24,130.24,3764.24,-80.76,2486.56,-21.44,1628.33,1419.33,3036.11,-808.89,2268.81,-239.19,3550.76,3341.76,2358.5,-1486.5,2013.22,-494.78,0.0785,0.0326,0.517,0.471,2.23,2.18,-6.98,-2.24,-30567,-25827,-73.92,-69.19,60.17,1.8
E07000080,Forest of Dean, 10767,37, 4023, 3185, 3522,116.96,79.96,3979.18,-43.82,3164.88,-20.12,1144.61,1107.61,3443.75,-579.25,2904.02,-280.98,2710.45,2673.45,2897.31,-1125.69,2582.88,-602.12,0.0244,0.0163,0.277,0.269,1.34,1.33,-2.61,-1.78,-28291,-27460,-72.88,-72.05,72.77,3.31
E07000081,Gloucester, 18812,968, 8408, 5145, 4291,1410.27,442.27,8219.84,-188.16,5010.58,-134.42,5090.62,4122.62,6701.35,-1706.65,3860.71,-1284.29,9533.7,8565.7,5010.5,-3397.5,2625.67,-2519.33,0.304,0.0979,1.19,0.983,2.68,2.48,-64.95,-19.59,-234686,-189330,-464.08,-418.73,84.01,1.11
E07000082,Stroud, 15699,190, 7563, 3911, 4035,314.05,124.05,7488.33,-74.67,3886.27,-24.73,1803.53,1613.53,6617.53,-945.47,3584.55,-326.45,4136.94,3946.94,5501.95,-2061.05,3170.16,-740.84,0.0491,0.0179,0.288,0.257,1.13,1.1,-9.1,-2.7,-45654,-39256,-121.29,-114.89,77.34,3.55
E07000083,Tewkesbury, 11479,641, 5040, 3533, 2265,891.84,250.84,4900.23,-139.77,3465.82,-67.18,2825.27,2184.27,3908.69,-1131.31,2880.84,-652.16,5000.4,4359.4,2891.78,-2148.22,2274.58,-1258.42,0.143,0.0484,0.594,0.499,1.58,1.48,-26.59,-8.08,-96188,-77677,-198.57,-180.06,80.24,1.26
E07000084,Basingstoke and Deane, 22578,352,11084, 6629, 4513,684.97,332.97,10907.56,-176.44,6525.11,-103.89,4260.54,3908.54,9058.88,-2025.12,5420.05,-1208.95,8551.16,8199.16,7136.75,-3947.25,4246.83,-2382.17,0.086,0.0412,0.563,0.518,1.61,1.56,-30.55,-13.22,-175450,-158117,-373.27,-355.94,82.89,1.89
E07000085,East Hampshire, 14228,156, 6115, 4978, 2979,330.07,174.07,6005.62,-109.38,4933.92,-44.08,2306.23,2150.23,4829.26,-1285.74,4392.13,-585.87,4766.25,4610.25,3741.41,-2373.59,3738.71,-1239.29,0.0382,0.0179,0.296,0.276,1.44,1.42,-8.74,-3.97,-62746,-57974,-185.19,-180.42,72.65,1.99
E07000086,Eastleigh, 16163,766,10183, 3923, 1291,1103.88,337.88,9938.62,-244.39,3853.05,-69.95,3971.06,3205.06,7895.79,-2287.21,3210.29,-712.71,6922.98,6156.98,5871.1,-4311.9,2556.4,-1366.6,0.0755,0.015,0.209,0.148,0.48,0.42,-30.15,-7.34,-94511,-71705,-172.31,-149.51,93.95,1.76
E07000087,Fareham, 13635,852, 7959, 3563, 1261,1209.11,357.11,7701.55,-257.45,3485.48,-77.52,3855,3003,5918.92,-2040.08,2805.53,-757.47,6531.53,5679.53,4241.19,-3717.81,2149.09,-1413.91,0.0905,0.0186,0.288,0.217,0.75,0.68,-30.32,-7.96,-96708,-74353,-172.38,-150.03,92.44,1.24
E07000088,Gosport, 11161,1680, 6513, 2174,  794,2126.73,446.73,6225.6,-287.4,2060.23,-113.77,4248.65,2568.65,4725.56,-1787.44,1608.12,-565.88,6374.98,4694.98,3261.79,-3251.21,1139.02,-1034.98,0.441,0.0611,0.614,0.234,0.91,0.53,-104.08,-15.51,-148198,-59624,-207.41,-118.83,96.3,0.38
E07000089,Hart, 12277,227, 6739, 3496, 1815,508.36,281.36,6570.07,-168.93,3424.54,-71.46,3207.5,2980.5,5005.82,-1733.18,2723.42,-772.58,5638.49,5411.49,3717.62,-3021.38,2145.1,-1350.9,0.0829,0.0466,0.579,0.543,1.36,1.32,-16.75,-7.99,-93533,-84776,-165.34,-156.58,91,1.36
E07000090,Havant, 15040,483, 8065, 4511, 1981,836.94,353.94,7852.84,-212.16,4412.53,-98.47,4086.06,3603.06,5968.93,-2096.07,3442.4,-1068.6,6981.9,6498.9,4368.42,-3696.58,2606.73,-1904.27,0.11,0.0424,0.525,0.457,1.11,1.05,-30.03,-11.63,-142410,-124017,-262.06,-243.67,91.53,1.36
E07000091,New Forest, 21031,966, 9998, 6207, 3860,1515.64,549.64,9652.55,-345.45,6069.18,-137.82,5905.23,4939.23,6974.71,-3023.29,4973.91,-1233.09,10234.19,9268.19,4878.74,-5119.26,3859.83,-2347.17,0.143,0.0432,0.562,0.462,1.58,1.48,-57.33,-15.47,-174841,-132978,-329.7,-287.83,82.74,1.01
E07000092,Rushmoor, 12831,420, 6992, 3994, 1425,738.14,318.14,6788.55,-203.45,3907.85,-86.15,3524.57,3104.57,5076.68,-1915.32,3085.18,-908.82,6044.5,5624.5,3666.52,-3325.48,2321.27,-1672.73,0.106,0.0316,0.414,0.34,1.01,0.94,-27.95,-9.47,-116437,-97965,-225.97,-207.5,90.99,1.32
E07000093,Test Valley, 14724,376, 6217, 4071, 4060,600.37,224.37,6096.13,-120.87,4014.94,-56.06,2845.51,2469.51,4978.64,-1238.36,3429.05,-641.95,5474.41,5098.41,3824.36,-2392.64,2842.66,-1228.34,0.0888,0.0384,0.542,0.492,1.49,1.44,-18.75,-6.45,-87905,-75602,-170.34,-158.03,79.55,1.73
E07000094,Winchester, 13505,109, 6300, 3457, 3639,238.99,129.99,6237.56,-62.44,3429.42,-27.58,1829.92,1720.92,5510.73,-789.27,3069.3,-387.7,4207.63,4098.63,4565.43,-1734.57,2628.13,-828.87,0.0535,0.0356,0.525,0.507,1.71,1.69,-6.45,-3.27,-52854,-49671,-133.84,-130.65,76.95,2.6
E07000095,Broxbourne, 15415,223, 8757, 4790, 1645,603.9,380.9,8507.8,-249.2,4690.73,-99.27,4172.72,3949.72,6244.66,-2512.34,3677.53,-1112.47,7037.99,6814.99,4510.75,-4246.25,2826.9,-1963.1,0.0511,0.0309,0.37,0.35,0.8,0.78,-17.63,-10.55,-125952,-118871,-235.08,-228,92.28,1.17
E07000096,Dacorum, 21667,166,12520, 5894, 3087,429.19,263.19,12343.67,-176.33,5834.15,-59.85,3579.22,3413.22,10344.68,-2175.32,5055.07,-838.93,7704.22,7538.22,8205.96,-4314.04,4015.81,-1878.19,0.03,0.0183,0.307,0.295,1.24,1.23,-11.64,-6.26,-105514,-100135,-294.02,-288.64,85.33,2.59
E07000097,East Hertfordshire, 21728,316,11193, 6123, 4096,622.38,306.38,11019.75,-173.25,6045.14,-77.86,4041.39,3725.39,9179.3,-2013.7,5129.68,-993.32,8271.88,7955.88,7212.91,-3980.09,4054.45,-2068.55,0.0623,0.0351,0.506,0.479,1.57,1.54,-19.1,-9.81,-142584,-133290,-346.31,-337.01,83.08,2.16
E07000098,Hertsmere, 14875,206, 6026, 4863, 3780,414.94,208.94,5917.51,-108.49,4797.46,-65.54,2613.24,2407.24,4839.74,-1186.26,4072.88,-790.12,5291.65,5085.65,3745.35,-2280.65,3299.42,-1563.58,0.0714,0.0347,0.491,0.454,1.65,1.61,-15.3,-7.17,-98510,-90376,-235.31,-227.18,74.42,2.05
E07000099,North Hertfordshire, 18935,391,10901, 4918, 2725,705.26,314.26,10700.28,-200.72,4842.36,-75.64,3975.99,3584.99,8650.26,-2250.74,4037.69,-880.31,7600.86,7209.86,6651.49,-4249.51,3182.42,-1735.58,0.079,0.0295,0.415,0.366,1.17,1.12,-23.6,-8.82,-121133,-106352,-253.79,-239.01,84.87,1.88
E07000100,St Albans, 22420,548,12799, 5780, 3293,922.84,374.84,12574.3,-224.7,5691.04,-88.96,4736.08,4188.08,10414.17,-2384.83,4720.36,-1059.64,9367.18,8819.18,8127.51,-4671.49,3620.77,-2159.23,0.0819,0.0372,0.532,0.487,1.55,1.51,-27.42,-10.71,-151102,-134385,-337.08,-320.37,87.8,2
E07000101,Stevenage, 13617,619, 8550, 3457,  991,861.53,242.53,8378.02,-171.98,3403.14,-53.86,3081.38,2462.38,6861.77,-1688.23,2861.01,-595.99,5486.44,4867.44,5185.67,-3364.33,2313.01,-1143.99,0.0429,0.0117,0.175,0.143,0.35,0.32,-20.47,-4.76,-69990,-54281,-124.63,-108.92,95.64,1.82
E07000102,Three Rivers, 13278,178, 5158, 4690, 3252,369.4,191.4,5075.69,-82.32,4629.62,-60.38,2558.77,2380.77,4234.44,-923.56,3898.3,-791.7,5639.06,5461.06,3295.07,-1862.93,2992.82,-1697.18,0.0963,0.0582,0.866,0.828,2.64,2.61,-14.95,-7.63,-115389,-108072,-292.27,-284.95,81.61,2.16
E07000103,Watford, 14135,402, 6986, 4318, 2429,696.76,294.76,6845.4,-140.6,4223.8,-94.2,3556.31,3154.31,5558,-1428.01,3263.01,-1054.99,6701.27,6299.27,4213.93,-2772.07,2313.31,-2004.69,0.15,0.0747,0.943,0.867,2.19,2.12,-32.18,-13.56,-172631,-154010,-347.17,-328.55,87.37,1.42
E07000104,Welwyn Hatfield, 15381,511, 7345, 4643, 2882,770.1,259.1,7198.99,-146.01,4571.53,-71.47,3178.59,2667.59,5954.84,-1390.16,3855.47,-787.53,6359.39,5848.39,4552.3,-2792.7,2954.02,-1688.98,0.118,0.0427,0.608,0.533,1.83,1.75,-29.73,-8.5,-119198,-97964,-286.85,-265.62,81.89,1.69
E07000105,Ashford, 18645,500, 7629, 5130, 5386,785.48,285.48,7471.42,-157.58,5067.71,-62.29,3472.27,2972.27,6058.97,-1570.03,4443.96,-686.04,6783.72,6283.72,4538.79,-3090.21,3777.93,-1352.07,0.101,0.0403,0.531,0.47,1.53,1.47,-20.05,-7.04,-92564,-79563,-194.08,-181.08,74.74,1.63
E07000106,Canterbury, 19146,406, 7620, 5216, 5904,675.65,269.65,7474.16,-145.84,5148.27,-67.73,3429.79,3023.79,6077.27,-1542.73,4401.17,-814.83,6915.64,6509.64,4624.59,-2995.41,3601.32,-1614.68,0.0892,0.036,0.514,0.461,1.69,1.63,-19.68,-7.2,-102849,-90370,-233.39,-220.91,72.65,1.82
E07000107,Dartford, 13891,102, 6161, 4640, 2988,291.82,189.82,6071.42,-89.58,4580.89,-59.11,2448.28,2346.28,5139.73,-1021.27,3865.59,-774.41,5388.11,5286.11,4095.68,-2065.32,3005.68,-1634.32,0.0664,0.0482,0.7,0.682,2.27,2.26,-10.68,-7.29,-107684,-104287,-286.19,-282.8,78.41,1.98
E07000108,Dover, 15309,292, 7045, 4111, 3861,480.04,188.04,6937.13,-107.87,4067.15,-43.85,2351.99,2059.99,5924.91,-1120.09,3592.78,-518.22,4961.44,4669.44,4813.7,-2231.3,3010.25,-1100.75,0.0587,0.0263,0.385,0.353,1.52,1.49,-10.94,-4.14,-61534,-54731,-160.36,-153.56,77.08,2.57
E07000109,Gravesham, 16198,108, 7925, 5184, 2981,356.88,248.88,7796.22,-128.78,5108.98,-75.01,3260.85,3152.85,6353.56,-1571.44,4198.51,-985.49,6541.16,6433.16,4929.4,-2995.6,3190.98,-1993.02,0.053,0.0409,0.574,0.562,1.65,1.63,-12.97,-9.1,-131224,-127351,-314.99,-311.12,87.21,2.24
E07000110,Maidstone, 22064,355,10063, 6172, 5474,624.45,269.45,9918.49,-144.51,6106.56,-65.44,3736.5,3381.5,8339.51,-1723.49,5301.12,-870.88,8218.99,7863.99,6488.05,-3574.95,4298.88,-1873.12,0.0972,0.0341,0.536,0.473,1.8,1.73,-24.12,-7.6,-122793,-106271,-302.07,-285.55,80.44,2.38
E07000111,Sevenoaks, 14715,44, 4355, 4535, 5781,135.07,91.07,4313.85,-41.15,4503.76,-31.24,1305.47,1261.47,3839.75,-515.25,4075.5,-459.5,3239.3,3195.3,3237.42,-1117.58,3519.91,-1015.09,0.0307,0.0213,0.353,0.344,1.49,1.48,-4.65,-3.01,-52774,-51134,-161.16,-159.52,64.56,2.51
E07000112,Shepway, 15345,240, 6517, 4341, 4247,450.7,210.7,6405.25,-111.75,4286.43,-54.57,2712.59,2472.59,5251.03,-1265.97,3679.84,-661.16,5584.42,5344.42,4004.83,-2512.17,3012.75,-1328.25,0.0631,0.0378,0.52,0.494,1.57,1.55,-12.99,-5.82,-82655,-75489,-180.69,-173.53,76.5,2.13
E07000113,Swale, 21706,254,10274, 6930, 4248,661.24,407.24,10019.32,-254.68,6824.75,-105.25,4885.39,4631.39,7522.42,-2751.58,5635.76,-1294.24,8924.24,8670.24,5375.61,-4898.39,4546.36,-2383.64,0.0566,0.0327,0.453,0.429,1.17,1.14,-24.32,-13.83,-179195,-168707,-352.19,-341.7,82.28,1.64
E07000114,Thanet, 19347,440, 8570, 5550, 4787,841.27,401.27,8380.45,-189.55,5443.49,-106.51,4711.43,4271.43,6622.98,-1947.02,4361.43,-1188.57,8879.78,8439.78,4967.73,-3602.27,3306.75,-2243.25,0.149,0.0654,0.826,0.743,2.08,2,-30.55,-13.22,-166388,-149054,-339.97,-322.63,84.4,1.58
E07000115,Tonbridge and Malling, 18193,297, 7399, 4746, 5751,500.54,203.54,7293.98,-105.02,4700.04,-45.96,2758.14,2461.14,6232.3,-1166.7,4141.62,-604.38,6179.96,5882.96,4962.36,-2436.64,3479.98,-1266.02,0.0712,0.0376,0.562,0.528,2.05,2.01,-11.16,-4.87,-76591,-70298,-194.65,-188.35,72.5,2.03
E07000116,Tunbridge Wells, 15263,68, 6789, 3849, 4557,223.74,155.74,6702.3,-86.7,3816.47,-32.53,2105.04,2037.04,5709.47,-1079.53,3405.31,-443.69,4964.24,4896.24,4634.16,-2154.84,2876.38,-972.62,0.0383,0.0291,0.445,0.435,1.86,1.85,-5.18,-3.68,-56899,-55398,-153.75,-152.25,73.23,2.88
E07000117,Burnley, 13752,48, 6696, 4020, 2988,208.67,160.67,6613.36,-82.64,3979.12,-40.88,2128.5,2080.5,5678.87,-1017.13,3465.38,-554.62,4472.85,4424.85,4634.03,-2061.97,2844.14,-1175.86,0.0403,0.0265,0.399,0.386,1.08,1.06,-5.11,-3.87,-61063,-59828,-143.13,-141.9,89.39,2.88
E07000118,Chorley, 14133,153, 5698, 4814, 3468,374.29,221.29,5605.25,-92.75,4749.28,-64.72,2849.8,2696.8,4637.77,-1060.23,3992.42,-821.58,5957.08,5804.08,3576.4,-2121.6,3161.24,-1652.76,0.0941,0.0594,0.821,0.786,2.22,2.19,-13.98,-7.03,-101374,-94419,-216.65,-209.69,84.09,1.99
E07000119,Fylde,  8451,225, 3157, 2867, 2202,482.87,257.87,3060.84,-96.16,2780.78,-86.22,2591.39,2366.39,2294.69,-862.31,2065.98,-801.02,4369.75,4144.75,1678.93,-1478.07,1536.99,-1330.01,0.196,0.121,1.22,1.15,2.45,2.37,-19.77,-10.73,-103853,-94814,-167.62,-158.58,85.58,0.8
E07000120,Hyndburn, 13254,44, 6388, 4052, 2770,172.07,128.07,6331.57,-56.43,4010.96,-41.04,1820.43,1776.43,5630.42,-757.58,3471.77,-580.23,4059.41,4015.41,4777.98,-1610.01,2808.98,-1243.02,0.0465,0.0285,0.437,0.419,1.28,1.26,-5.94,-4.16,-67000,-65221,-158.15,-156.38,89.8,3.13
E07000121,Lancaster, 18625,327, 8847, 4515, 4936,644.2,317.2,8660.95,-186.05,4445.37,-69.63,3754.57,3427.57,6949.34,-1897.66,3735.95,-779.05,7349.79,7022.79,5383.13,-3463.87,3020.03,-1494.97,0.0679,0.0372,0.519,0.488,1.68,1.65,-15.09,-7.33,-94886,-87133,-198.61,-190.86,79.53,1.96
E07000122,Pendle, 13697,39, 7126, 3952, 2580,161.77,122.77,7063.29,-62.71,3917.84,-34.16,1736.36,1697.36,6284.18,-841.82,3465.86,-486.14,3732.72,3693.72,5308.47,-1817.53,2952.91,-999.09,0.0236,0.0211,0.311,0.309,0.84,0.84,-3.99,-3.24,-51838,-51089,-116.55,-115.8,90.43,3.31
E07000123,Preston, 18968,222, 8265, 5705, 4776,622.41,400.41,8104.95,-160.05,5596.71,-108.29,4696.34,4474.34,6592.14,-1672.86,4407.16,-1297.84,8939.69,8717.69,4980.05,-3284.95,3309.93,-2395.07,0.111,0.0874,1.07,1.05,2.36,2.34,-18.88,-13.01,-168234,-162364,-340.16,-334.29,88.09,1.17
E07000124,Ribble Valley,  7897,37, 2735, 2440, 2685,104.28,67.28,2698.88,-36.12,2422.1,-17.9,936.13,899.13,2287.16,-447.84,2185.95,-254.05,2200.75,2163.75,1867.49,-867.51,1916.79,-523.21,0.0425,0.0205,0.355,0.333,1.66,1.63,-1.9,-1.3,-22259,-21657,-55.28,-54.68,67.3,2.55
E07000125,Rossendale, 10629,41, 4375, 3526, 2687,125.97,84.97,4335.95,-39.05,3502.35,-23.65,1267.14,1226.14,3845.6,-529.4,3170.11,-355.89,3128.37,3087.37,3240.99,-1134.01,2658.41,-867.59,0.0408,0.0252,0.422,0.406,1.62,1.61,-4.41,-2.64,-46589,-44818,-143.68,-141.91,83.85,3.88
E07000126,South Ribble, 14643,624, 6591, 4952, 2476,1027.4,403.4,6397.54,-193.46,4828.57,-123.43,4329.56,3705.56,4799.12,-1791.88,3799.75,-1152.25,7333.4,6709.4,3471.1,-3119.9,2900.83,-2051.17,0.242,0.0789,0.863,0.701,1.74,1.58,-47.2,-13.44,-146954,-113193,-248.01,-214.25,89.53,1.01
E07000127,West Lancashire, 15780,170, 7016, 4752, 3842,448.11,278.11,6880.46,-135.54,4679.51,-72.49,3386.82,3216.82,5541.19,-1474.81,3889.51,-862.49,6745.94,6575.94,4290.65,-2725.35,3066.44,-1685.56,0.079,0.0534,0.727,0.702,2.11,2.08,-13.38,-7.82,-103354,-97803,-230.64,-225.09,83.28,1.72
E07000128,Wyre, 13203,216, 5143, 4701, 3143,596.02,380.02,4988.39,-154.61,4566.28,-134.72,3855.45,3639.45,3689.28,-1453.72,3383.05,-1317.95,6484.94,6268.94,2659.96,-2483.04,2521.83,-2179.17,0.146,0.0986,1.01,0.962,1.98,1.94,-26.3,-15.72,-157191,-146619,-261.75,-251.18,85.21,0.67
E07000129,Blaby, 13723,300, 6262, 2720, 4441,523.64,223.64,6137.14,-124.86,2680.33,-39.67,2675.63,2375.63,5052.92,-1209.08,2267.33,-452.67,5645.63,5345.63,3892.39,-2369.61,1798.26,-921.74,0.0763,0.0493,0.692,0.665,2.36,2.33,-9.42,-4.01,-54065,-48664,-121.13,-115.72,75.65,1.49
E07000130,Charnwood, 20897,955,11094, 4681, 4167,1397.12,442.12,10841.24,-252.76,4595,-86,5167.99,4212.99,8716.05,-2377.95,3814.61,-866.39,9544.86,8589.86,6623.57,-4470.43,3008.27,-1672.73,0.186,0.0538,0.687,0.556,1.78,1.65,-32.16,-9.4,-118110,-95342,-228.59,-205.82,85.9,1.57
E07000131,Harborough, 12380,188, 6122, 2332, 3738,358.8,170.8,5996.65,-125.35,2310.17,-21.83,2120.6,1932.6,4783.1,-1338.9,2072.56,-259.44,4545.22,4357.22,3664.39,-2457.61,1779.4,-552.6,0.0258,0.0174,0.301,0.293,1.8,1.79,-3.52,-1.49,-23080,-21047,-62.57,-60.54,70.65,1.67
E07000132,Hinckley and Bosworth, 14162,556, 8000, 3177, 2429,802.3,246.3,7833.37,-166.63,3134.08,-42.92,3144.51,2588.51,6356.69,-1643.31,2695.01,-481.99,6120.21,5564.21,4726.39,-3273.61,2164.13,-1012.87,0.0486,0.0265,0.396,0.374,1.35,1.33,-18.05,-4.82,-68789,-55566,-157.16,-143.94,85.53,1.86
E07000133,Melton,  6839,122, 3197, 1498, 2022,214.82,92.82,3133.76,-63.24,1482.86,-15.14,1188.16,1066.16,2500.44,-696.56,1312.04,-185.96,2276.36,2154.36,1912.35,-1284.65,1149.02,-348.98,0.0292,0.0155,0.252,0.238,0.97,0.95,-2.92,-1.24,-17907,-16230,-36.68,-35,74.41,1.82
E07000134,North West Leicestershire, 13322,139, 6504, 3011, 3668,300.6,161.6,6407.37,-96.63,2980.3,-30.7,2178.35,2039.35,5343.02,-1160.98,2611.35,-399.65,4970.8,4831.8,4210.14,-2293.86,2183.8,-827.2,0.0555,0.0309,0.481,0.456,2.11,2.09,-5.76,-2.9,-44498,-41634,-113.9,-111.04,74.41,2.13
E07000135,Oadby and Wigston,  8050,235, 5119, 1972,  724,439.43,204.43,4974.84,-144.15,1930.14,-41.86,2431.02,2196.02,3598.05,-1520.95,1500.3,-471.7,4110.9,3875.9,2511.14,-2607.86,1111.47,-860.53,0.0545,0.0178,0.25,0.214,0.59,0.55,-11.12,-4.14,-54208,-47220,-96.14,-89.15,96.95,1.61
E07000136,Boston,  9222,534, 3150, 3289, 2249,794.86,260.86,3027.34,-122.66,3195.22,-93.78,2607.74,2073.74,2254.62,-895.38,2517.57,-771.43,4286.94,3752.94,1570.19,-1579.81,1968.75,-1320.25,0.195,0.0783,0.838,0.722,1.75,1.64,-33.52,-10.47,-103329,-80287,-163.65,-140.61,75.85,0.39
E07000137,East Lindsey, 17973,337, 6968, 4949, 5719,646.27,309.27,6778.9,-189.1,4879.57,-69.43,3400.01,3063.01,5124.9,-1843.1,4257.07,-691.93,6285.46,5948.46,3806.59,-3161.41,3641.55,-1307.45,0.0569,0.0291,0.375,0.347,1.44,1.41,-13.1,-5.8,-66247,-58949,-151.2,-143.9,66.85,0.75
E07000138,Lincoln, 12771,926, 6918, 3026, 1901,1307.78,381.78,6698.91,-219.09,2944.84,-81.16,4030.16,3104.16,5086.4,-1831.6,2354.49,-671.51,6777.84,5851.84,3615.37,-3302.62,1751.67,-1274.33,0.294,0.0754,0.816,0.598,1.69,1.47,-42.61,-10.5,-116222,-84114,-209,-176.9,89.62,0.95
E07000139,North Kesteven, 15912,606, 6325, 4322, 4659,929.17,323.17,6130.92,-194.08,4255.61,-66.39,3557.6,2951.6,4683.44,-1641.56,3667.49,-654.51,7122.32,6516.32,3324.91,-3000.09,2989.18,-1332.82,0.123,0.0436,0.615,0.536,2.48,2.4,-23.09,-6.72,-85670,-69301,-190.63,-174.26,68.64,0.85
E07000140,South Holland, 11961,393, 4223, 3954, 3391,696.26,303.26,4073.78,-149.22,3862.06,-91.94,3029.02,2636.02,3008.2,-1214.8,3124.37,-829.63,5250.16,4857.16,2163.39,-2059.61,2501.59,-1452.41,0.139,0.0775,0.844,0.783,2.16,2.1,-24.28,-11.28,-112698,-99694,-211.18,-198.18,71.47,0.31
E07000141,South Kesteven, 19143,1015, 8277, 5882, 3969,1404.52,389.52,8051.26,-225.74,5777.83,-104.17,4459.51,3444.51,6407.33,-1869.67,4899.55,-982.45,7830.15,6815.15,4731.02,-3545.98,4018.29,-1863.71,0.124,0.0422,0.532,0.45,1.3,1.21,-41.21,-10.97,-131199,-100964,-241.64,-211.4,79.77,1.15
E07000142,West Lindsey, 12829,229, 4996, 3369, 4235,429.1,200.1,4879.11,-116.89,3331.76,-37.24,2308.25,2079.25,3848.32,-1147.68,2965.37,-403.63,4454.83,4225.83,2896.39,-2099.61,2549.28,-819.72,0.0559,0.0386,0.51,0.492,1.5,1.49,-7.63,-4.04,-50920,-47328,-108.78,-105.18,67.44,1.36
E07000143,Breckland, 17097,310, 7948, 4752, 4087,621.55,311.55,7751.57,-196.43,4689.22,-62.78,3617.98,3307.98,5924.51,-2023.49,4060.18,-691.82,6906.22,6596.22,4356.85,-3591.15,3477.12,-1274.88,0.0589,0.0297,0.415,0.385,1.64,1.61,-12.77,-5.7,-72408,-65331,-152.33,-145.25,73.19,1.12
E07000144,Broadland, 16495,621, 7952, 4392, 3530,958.44,337.44,7739.03,-212.97,4320.49,-71.51,3900.65,3279.65,6030.3,-1921.7,3686.6,-705.4,7608.25,6987.25,4436.27,-3515.73,2978.72,-1413.28,0.085,0.0418,0.613,0.569,2.16,2.12,-21.14,-6.94,-84671,-70468,-178.32,-164.12,75.99,1.15
E07000145,Great Yarmouth, 13343,430, 6973, 3566, 2374,776.15,346.15,6772.51,-200.49,3489.44,-76.56,3754.18,3324.18,5123.37,-1849.63,2784.47,-781.53,6598.99,6168.99,3722.25,-3250.75,2133.89,-1432.11,0.107,0.0618,0.729,0.684,1.74,1.69,-17.1,-7.93,-91608,-82434,-169.49,-160.32,88.22,0.81
E07000146,King's Lynn and West Norfolk, 19118,679, 7159, 6181, 5099,1088.99,409.99,6943.75,-215.25,6070.12,-110.88,4478.39,3799.39,5328.73,-1830.27,5082.16,-1098.84,8187.3,7508.3,3936.23,-3222.77,4175.38,-2005.62,0.121,0.0582,0.726,0.663,2.15,2.09,-30.19,-11.31,-131458,-112570,-243.7,-224.81,72.02,0.8
E07000147,North Norfolk, 10915,244, 3961, 3565, 3145,379.34,135.34,3884.88,-76.12,3533.08,-31.92,1793.47,1549.47,3154.54,-806.46,3187.09,-377.91,3665.52,3421.52,2458.01,-1502.99,2793.58,-771.42,0.0803,0.036,0.542,0.498,1.95,1.9,-11.09,-3.45,-50377,-42745,-120.72,-113.09,60.83,1.55
E07000148,Norwich, 15396,779, 9943, 3406, 1268,1141.22,362.22,9687.87,-255.13,3336.3,-69.7,4136.09,3357.09,7658.14,-2284.86,2698.78,-707.22,7229.04,6450.04,5666.73,-4276.27,2026.75,-1379.25,0.0885,0.0243,0.344,0.28,0.82,0.76,-29.75,-8.03,-105921,-84197,-207.72,-186,94.31,1.56
E07000149,South Norfolk, 16054,450, 6759, 4997, 3848,706.14,256.14,6611.79,-147.21,4936.76,-60.24,3206.17,2756.17,5278.86,-1480.14,4319.34,-677.66,6547.19,6097.19,4012.47,-2746.53,3605.55,-1391.45,0.0917,0.0403,0.594,0.543,2.3,2.25,-16.25,-5.95,-84754,-74461,-209.93,-199.64,70.54,1.32
E07000150,Corby, 10339,98, 5074, 2866, 2301,303.88,205.88,4967.31,-106.69,2816.85,-49.15,2454.19,2356.19,3893.07,-1180.93,2281.34,-584.66,4670.62,4572.62,2962.88,-2111.12,1797.51,-1068.49,0.0758,0.0596,0.776,0.759,2.07,2.06,-8,-5.16,-66039,-63202,-128.29,-125.45,81.58,1.37
E07000151,Daventry, 11549,114, 5106, 2736, 3593,218.29,104.29,5044,-62,2711.83,-24.17,1402.94,1288.94,4363.79,-742.21,2433.75,-302.25,3442.76,3328.76,3589.69,-1516.31,2084.97,-651.03,0.0495,0.0236,0.36,0.334,1.99,1.96,-9.31,-2.94,-43676,-37303,-107.93,-101.56,69.25,2.25
E07000152,East Northamptonshire, 13028,128, 6946, 3475, 2479,312.2,184.2,6816.64,-129.36,3437.35,-37.65,2339.74,2211.74,5435.31,-1510.69,3003.38,-471.62,4532.41,4404.41,4148.8,-2797.2,2529.79,-945.21,0.0201,0.0155,0.232,0.228,0.88,0.88,-5.77,-3.6,-49929,-47761,-121.52,-119.35,77.8,1.96
E07000153,Kettering, 14599,237, 7987, 3701, 2674,461.27,224.27,7854.35,-132.65,3651.7,-49.3,2885.19,2648.19,6456.88,-1530.12,3104.1,-596.9,5629.73,5392.73,5067.93,-2919.07,2492.98,-1208.02,0.0732,0.0344,0.472,0.433,1.31,1.27,-14.38,-5.86,-81487,-72970,-183.15,-174.63,85.08,2.06
E07000154,Northampton, 32685,501,17984, 9233, 4967,1074.66,573.66,17644.54,-339.46,9099.02,-133.98,7231.2,6730.2,14133.21,-3850.79,7561.41,-1671.59,14056.29,13555.29,10616.24,-7367.76,5834.89,-3398.11,0.0693,0.0355,0.496,0.462,1.39,1.36,-34.66,-15.83,-228528,-209702,-540.84,-522.01,88.32,1.96
E07000155,South Northamptonshire, 13066,199, 7062, 2583, 3222,380.7,181.7,6948.68,-113.32,2561.12,-21.88,2318.02,2119.02,5765.01,-1296.99,2327.91,-255.09,4732.31,4533.31,4550.68,-2511.32,1990.15,-592.85,0.0492,0.032,0.447,0.43,1.5,1.48,-8.67,-2.19,-33700,-27213,-99.63,-93.14,72.2,1.77
E07000156,Wellingborough, 11793,80, 6267, 3119, 2327,258.13,178.13,6173.4,-93.6,3082.21,-36.79,2269.42,2189.42,5118.35,-1148.65,2622.74,-496.26,4530.21,4450.21,4036.82,-2230.18,2134.74,-984.26,0.0511,0.04,0.51,0.499,1.46,1.45,-5.91,-3.64,-55434,-53171,-132.87,-130.6,85,2.17
E07000163,Craven,  7795,36, 3520, 1875, 2364,97.06,61.06,3482.16,-37.84,1864.35,-10.65,882.06,846.06,3021.05,-498.95,1720.34,-154.66,2001.64,1965.64,2507.78,-1012.22,1537.85,-337.15,0.0227,0.0163,0.275,0.268,1.07,1.07,-1.43,-0.84,-15352,-14763,-38.99,-38.4,73.06,2.74
E07000164,Hambleton, 11832,136, 5455, 2610, 3631,369.19,233.19,5301.11,-153.89,2579.67,-30.33,2615.51,2479.51,3906.19,-1548.81,2264.34,-345.66,4739.71,4603.71,2931.4,-2523.6,1974.49,-635.51,0.0429,0.0391,0.546,0.543,1.65,1.64,-3.87,-2.31,-29935,-28372,-53.67,-52.11,68.97,1.16
E07000165,Harrogate, 21760,207, 9901, 6031, 5621,500.01,293.01,9730.3,-170.7,5963.66,-67.34,3824.34,3617.34,7886.97,-2014.03,5179.31,-851.69,7750.88,7543.88,6138.25,-3762.75,4363.31,-1667.69,0.05,0.0311,0.462,0.443,1.44,1.42,-13.89,-7.04,-101595,-94740,-211.43,-204.57,77.59,2.34
E07000166,Richmondshire,  7192,82, 3015, 1567, 2528,130.14,48.14,2986.13,-28.87,1559.52,-7.48,709.69,627.69,2651.52,-363.48,1471.82,-95.18,1807.41,1725.41,2222.81,-792.19,1340.95,-226.05,0.0371,0.0158,0.27,0.248,1.56,1.54,-2.07,-0.52,-10134,-8587,-32.65,-31.1,67.74,2.63
E07000167,Ryedale,  6830,50, 2845, 1376, 2559,128.78,78.78,2794.29,-50.71,1366.21,-9.79,993.26,943.26,2272.81,-572.19,1253.13,-122.87,2054.06,2004.06,1783.19,-1061.81,1126.17,-249.83,0.0321,0.025,0.376,0.369,1.38,1.37,-1.73,-0.92,-13224,-12406,-29.7,-28.88,63.47,1.5
E07000168,Scarborough, 13786,114, 7699, 3219, 2754,301.3,187.3,7582.44,-116.56,3183.13,-35.87,2444.14,2330.14,6284.24,-1414.76,2753.94,-465.06,5008.54,4894.54,4883.91,-2815.09,2270.35,-948.65,0.0406,0.0257,0.365,0.35,1.08,1.06,-6.78,-3.44,-52479,-49142,-118.15,-114.81,87.65,2.4
E07000169,Selby, 11623,176, 4916, 3280, 3251,417.46,241.46,4795.71,-120.29,3225.54,-54.46,2648.21,2472.21,3747.47,-1168.53,2680.59,-599.41,5039.43,4863.43,2821.42,-2094.58,2212.34,-1067.66,0.0971,0.0684,0.818,0.789,2.32,2.29,-9.28,-5.34,-63070,-59135,-113.36,-109.42,75.91,0.87
E07000170,Ashfield, 15809,96,10210, 3959, 1544,350.62,254.62,10035.31,-174.69,3904.77,-54.23,3200.45,3104.45,8128.46,-2081.54,3258.5,-700.5,6119.11,6023.11,6259.64,-3950.36,2610.74,-1348.26,0.0239,0.0173,0.242,0.235,0.68,0.67,-7.29,-4.87,-70168,-67746,-152.97,-150.55,92.43,1.82
E07000171,Bassetlaw, 15616,274, 7289, 4461, 3592,539.65,265.65,7124.4,-164.6,4399.16,-61.84,3162.4,2888.4,5591.96,-1697.04,3736.07,-724.93,5866.11,5592.11,4223.31,-3065.69,3139.72,-1321.28,0.0396,0.0272,0.368,0.356,1.18,1.17,-11.02,-5.41,-69088,-63482,-125.1,-119.49,79.54,1.35
E07000172,Broxtowe, 13343,364, 8373, 2746, 1860,625.08,261.08,8190.36,-182.64,2705.43,-40.57,3071.14,2707.14,6547.29,-1825.71,2274.83,-471.17,5877.57,5513.57,4898.64,-3474.36,1759.22,-986.78,0.0465,0.0219,0.318,0.294,1.04,1.02,-11.23,-4.37,-61158,-54293,-135.97,-129.11,92.41,2.13
E07000173,Gedling, 15035,82, 9132, 3432, 2389,240.42,158.42,9031.5,-100.5,3401.36,-30.64,2179.89,2097.89,7834.24,-1297.76,3013.01,-418.99,4861.51,4779.51,6407.82,-2724.18,2504.72,-927.28,0.0281,0.0186,0.284,0.275,1.07,1.06,-5.27,-2.63,-45106,-42470,-115.88,-113.24,88.47,2.96
E07000174,Mansfield, 15617,126, 9920, 4138, 1433,390.32,264.32,9745.33,-174.67,4075.7,-62.3,3381.63,3255.63,7816.49,-2103.51,3336.61,-801.39,6481.51,6355.51,5945.48,-3974.52,2510.25,-1627.75,0.038,0.0223,0.319,0.303,0.79,0.77,-12.94,-7.31,-105643,-100007,-231.59,-225.96,95.04,2.16
E07000175,Newark and Sherwood, 17155,573, 8360, 3962, 4260,866.25,293.25,8173.95,-186.05,3901.57,-60.43,3325.1,2752.1,6677.47,-1682.53,3393.39,-568.61,6332.33,5759.33,5093.4,-3266.6,2865.75,-1096.25,0.0751,0.0304,0.398,0.353,1.28,1.23,-21.34,-5.99,-69532,-54185,-131.03,-115.68,77.41,1.17
E07000176,Rushcliffe, 15298,306, 8806, 2899, 3287,606.03,300.03,8622.21,-183.79,2857.75,-41.25,3519.41,3213.41,6885.55,-1920.45,2431.26,-467.74,6863.33,6557.33,5202.41,-3603.59,1966.64,-932.36,0.0668,0.0455,0.588,0.567,1.76,1.74,-7.42,-3.29,-44698,-40565,-97.16,-93.03,85.65,1.4
E07000177,Cherwell, 20754,939,11006, 4983, 3826,1323.73,384.73,10741.95,-264.05,4906.9,-76.1,4559.13,3620.13,8653.41,-2352.59,4223.13,-759.87,8371.44,7432.44,6517.35,-4488.65,3411.26,-1571.74,0.0702,0.0263,0.374,0.33,1.19,1.14,-27.41,-9.06,-116835,-98486,-256.63,-238.28,82.18,1.45
E07000178,Oxford, 16213,2221, 8361, 3132, 2499,2595.52,374.52,8155.96,-205.04,3053.32,-78.68,4635.44,2414.44,7075.24,-1285.76,2605.79,-526.21,7633.1,5412.1,5435.27,-2925.73,2025.35,-1106.65,0.418,0.0592,0.773,0.414,1.48,1.12,-73.92,-9.33,-126450,-61862,-215.4,-150.81,91.13,1.24
E07000179,South Oxfordshire, 17697,818, 9300, 3810, 3769,1140.38,322.38,9070.16,-229.84,3763.27,-46.73,3861.74,3043.74,7274.87,-2025.13,3338.05,-471.95,7478.84,6660.84,5423.09,-3876.91,2796.82,-1013.17,0.0596,0.0234,0.376,0.339,1.6,1.56,-15.94,-4.11,-59998,-48164,-144.49,-132.65,79.07,1.42
E07000180,Vale of White Horse, 15969,1784, 7266, 3848, 3071,2117.15,333.15,7050.88,-215.12,3776.94,-71.06,3929.11,2145.11,6035.24,-1230.76,3370.34,-477.66,7051.04,5267.04,4498.74,-2767.26,2766.55,-1081.45,0.181,0.0371,0.522,0.378,1.6,1.45,-54.58,-7.78,-95631,-48827,-178.71,-131.91,79.25,1.21
E07000181,West Oxfordshire, 14439,741, 7493, 2939, 3266,987.46,246.46,7317.96,-175.04,2904.58,-34.42,2934.76,2193.76,6080.41,-1412.59,2613.31,-325.69,5663.31,4922.31,4711.03,-2781.97,2219.89,-719.11,0.0375,0.0246,0.384,0.371,1.54,1.52,-11.63,-2.93,-41209,-32507,-99.01,-90.31,75.34,1.53
E07000187,Mendip, 14770,124, 7613, 3681, 3352,294.96,170.96,7498.9,-114.1,3649.09,-31.91,2349.06,2225.06,6154.38,-1458.62,3262.43,-418.57,4851.27,4727.27,4787.23,-2825.77,2821.01,-859.99,0.031,0.0177,0.268,0.255,1.07,1.06,-6.6,-3.53,-51876,-48803,-125.92,-122.85,76.76,2.62
E07000188,Sedgemoor, 15625,575, 7621, 3812, 3617,920.47,345.47,7414.96,-206.04,3736.59,-75.41,3818.09,3243.09,5740.01,-1880.99,3091.25,-720.75,6834.84,6259.84,4307.49,-3313.51,2475.8,-1336.2,0.13,0.0508,0.622,0.543,1.7,1.62,-27.48,-9.01,-102584,-84112,-192.18,-173.71,77.96,1.23
E07000189,South Somerset, 20561,112,10242, 5253, 4954,290.15,178.15,10132.17,-109.83,5217.67,-35.33,2605.13,2493.13,8771.7,-1470.3,4746.39,-506.61,5981.46,5869.46,7201.79,-3040.21,4156.73,-1096.27,0.0235,0.0194,0.321,0.317,1.32,1.32,-5.61,-3.44,-58617,-56441,-157.81,-155.64,76.24,2.86
E07000190,Taunton Deane, 13351,955, 6986, 3524, 1886,1193.77,238.77,6837.76,-148.24,3461.73,-62.27,2893.07,1938.07,5759.98,-1226.02,3022.45,-501.55,5100.32,4145.32,4429.67,-2556.33,2493.49,-1030.51,0.179,0.0309,0.379,0.231,0.84,0.69,-44.71,-7.48,-93216,-55985,-160.53,-123.3,86.07,1.84
E07000191,West Somerset,  4050,56, 1508,  924, 1562,104.82,48.82,1477.1,-30.9,913.72,-10.28,611.01,555.01,1170.2,-337.8,801.24,-122.76,1172.51,1116.51,902.08,-605.92,685.47,-238.53,0.0516,0.019,0.284,0.252,0.98,0.95,-2.55,-1.09,-14749,-13285,-32.3,-30.84,65.21,2.39
E07000192,Cannock Chase, 13236,125, 7396, 4292, 1423,313.43,188.43,7278.73,-117.27,4241.26,-50.74,2481.22,2356.22,5973,-1423,3621.06,-670.94,4832.78,4707.78,4626.51,-2769.49,2919.2,-1372.8,0.0321,0.0219,0.312,0.302,0.8,0.79,-9.07,-5.36,-79959,-76247,-185.42,-181.7,91.47,2.37
E07000193,East Staffordshire, 17107,208, 9885, 4159, 2855,549.04,341.04,9667.71,-217.29,4080.69,-78.31,3913.67,3705.67,7572.51,-2312.49,3284.06,-874.94,7390.98,7182.98,5731.17,-4153.83,2578.53,-1580.47,0.047,0.0327,0.421,0.407,1.44,1.42,-13.13,-8.11,-96573,-91555,-195.75,-190.73,84.52,1.79
E07000194,Lichfield, 14051,145, 7213, 3873, 2820,358.63,213.63,7091.36,-121.64,3819.65,-53.35,2775.25,2630.25,5759.59,-1453.41,3211.67,-661.33,5877.98,5732.98,4408,-2805,2501.14,-1371.86,0.0555,0.0402,0.575,0.56,2.02,2.01,-9.27,-5.42,-76698,-72842,-198.54,-194.68,77.08,1.77
E07000195,Newcastle-under-Lyme, 15875,152, 7905, 5460, 2358,336.64,184.64,7807.42,-97.58,5399.36,-60.64,2580.95,2428.95,6646.02,-1258.98,4649.78,-810.22,5453.64,5301.64,5367.97,-2537.03,3685.86,-1774.14,0.0487,0.0281,0.419,0.399,1.27,1.25,-12.25,-6.81,-105275,-99832,-274.22,-268.78,86.54,2.82
E07000196,South Staffordshire, 14535,172, 6806, 4282, 3275,396.86,224.86,6681.47,-124.53,4221.67,-60.33,2916.72,2744.72,5355.97,-1450.03,3540.44,-741.56,5955.89,5783.89,4091.68,-2714.32,2771.95,-1510.05,0.0564,0.0414,0.603,0.588,1.95,1.93,-12.37,-6.59,-93910,-88127,-224.9,-219.11,79.04,1.79
E07000197,Stafford, 16418,350, 8172, 4484, 3412,636.12,286.12,7987.05,-184.95,4424.58,-59.42,3478.91,3128.91,6233.63,-1938.37,3779.26,-704.74,6641.09,6291.09,4572.56,-3599.44,3096.99,-1387.01,0.0599,0.0275,0.389,0.356,1.29,1.26,-16.05,-6.73,-90766,-81453,-203.28,-193.96,79.16,1.75
E07000198,Staffordshire Moorlands, 12678,82, 5782, 4320, 2494,210.59,128.59,5706.24,-75.76,4282.95,-37.05,1843.91,1761.91,4765.06,-1016.94,3803.24,-516.76,3969.06,3887.06,3768.83,-2013.17,3216.04,-1103.96,0.0234,0.0165,0.259,0.252,1.09,1.08,-5.3,-3.48,-54743,-52928,-142.74,-140.92,78.98,3.16
E07000199,Tamworth, 10854,233, 7046, 2456, 1119,406.29,173.29,6927.04,-118.96,2417.8,-38.2,2212.12,1979.12,5729.02,-1316.98,1991.17,-464.83,4128.47,3895.47,4469.86,-2576.14,1546.62,-909.38,0.0351,0.0187,0.263,0.247,0.61,0.59,-10.56,-4.4,-62014,-55851,-126.64,-120.48,94.65,2.14
E07000200,Babergh, 11816,178, 5364, 2858, 3416,336.33,158.33,5272.83,-91.17,2827.08,-30.92,2028.11,1850.11,4363.97,-1000.03,2471.62,-386.38,4102.85,3924.85,3472.57,-1891.43,2066.42,-791.58,0.0644,0.0388,0.557,0.531,1.72,1.69,-7.51,-3.69,-52887,-49065,-122.98,-119.16,72.91,1.86
E07000201,Forest Heath,  6408,244, 2605, 1855, 1704,381.53,137.53,2527.71,-77.29,1813.53,-41.47,1501.62,1257.62,1916.07,-688.93,1493.34,-361.66,2648.15,2404.15,1414.29,-1190.71,1230.58,-624.42,0.105,0.0523,0.624,0.571,1.8,1.75,-13.02,-4.7,-48917,-40590,-83.36,-75.04,72.71,0.98
E07000202,Ipswich, 19214,508,13844, 3094, 1768,954.38,446.38,13496.07,-347.93,3038.69,-55.31,5003.56,4495.56,10419.48,-3424.52,2493.62,-600.38,8713.39,8205.39,7830.54,-6013.46,1964.98,-1129.02,0.0483,0.0151,0.233,0.199,0.65,0.62,-14.3,-5.09,-67290,-58087,-130.16,-120.96,93.83,1.42
E07000203,Mid Suffolk, 13423,314, 4789, 3530, 4790,478.47,164.47,4710.2,-78.8,3495.96,-34.04,2204.43,1890.43,3958.53,-830.47,3130.26,-399.74,5095.28,4781.28,3131.73,-1657.27,2615.96,-914.04,0.0832,0.049,0.721,0.687,3,2.96,-9.73,-3.76,-56382,-50413,-166.12,-160.15,60.81,1.57
E07000204,St Edmundsbury, 14865,413, 7225, 3686, 3541,656.27,243.27,7084.7,-140.3,3630.52,-55.48,3099.04,2686.04,5714.97,-1510.03,3073.19,-612.81,5997.33,5584.33,4353.08,-2871.92,2446.68,-1239.32,0.0822,0.0431,0.581,0.542,1.75,1.71,-18.78,-7.55,-100004,-88771,-222.54,-211.31,76.38,1.77
E07000205,Suffolk Coastal, 16780,1378, 8168, 3754, 3480,1779.06,401.06,7867.29,-300.71,3685.67,-68.33,4303.56,2925.56,6074.94,-2093.06,3246.06,-507.94,7397.68,6019.68,4343.9,-3824.11,2696.26,-1057.74,0.102,0.0198,0.313,0.231,1.26,1.18,-45.49,-8.23,-94968,-57710,-184.38,-147.12,75.68,1.04
E07000206,Waveney, 15732,974, 8510, 3232, 3016,1315.79,341.79,8282.42,-227.58,3158.88,-73.13,3932.05,2958.05,6565.61,-1944.39,2619.5,-612.5,6789.22,5815.22,4857.49,-3652.51,2002.29,-1229.71,0.106,0.0296,0.376,0.3,0.96,0.88,-37.81,-8.07,-96694,-66956,-183.88,-154.14,83.82,1.28
E07000207,Elmbridge, 14279,762, 5783, 4525, 3209,1096.92,334.92,5607,-176,4431.34,-93.66,3794.77,3032.77,4367.01,-1415.99,3571.4,-953.6,6925.87,6163.87,3142.66,-2640.34,2733.29,-1791.71,0.227,0.0668,0.894,0.735,2.3,2.14,-37.58,-10.02,-128246,-100690,-254.25,-226.69,79.51,0.77
E07000208,Epsom and Ewell, 10799,588, 5175, 2647, 2389,854.06,266.06,5049.22,-125.78,2590.17,-56.83,3096.04,2508.04,4023.28,-1151.72,2071.1,-575.9,5490.26,4902.26,2964.19,-2210.81,1564.36,-1082.64,0.222,0.0813,0.954,0.813,2.02,1.88,-23.54,-6.55,-82376,-65390,-149.91,-132.92,90.97,1.41
E07000209,Guildford, 14803,366, 6183, 5191, 3063,606.23,240.23,6057.12,-125.88,5120.57,-70.43,3085.9,2719.9,4875.18,-1307.82,4321.28,-869.72,5912.43,5546.43,3710.32,-2472.68,3523.58,-1667.42,0.0928,0.0452,0.64,0.593,1.75,1.7,-18.92,-8.26,-115585,-104921,-249.65,-238.99,80.15,1.76
E07000210,Mole Valley, 10604,776, 4530, 3083, 2215,945.94,169.94,4436.89,-93.11,3040.08,-42.92,2222.29,1446.29,3724.53,-805.47,2707.25,-375.75,4222.45,3446.45,2781.68,-1748.32,2195.03,-887.97,0.277,0.0402,0.572,0.335,1.44,1.2,-39.57,-5.57,-80004,-46000,-166.48,-132.48,80.53,2.06
E07000211,Reigate and Banstead, 16162,444, 7653, 5310, 2755,702.17,258.17,7493.14,-159.86,5247,-63,3082.17,2638.17,6169.08,-1483.92,4552.34,-757.66,6036.43,5592.43,4798.1,-2854.9,3682.61,-1627.39,0.084,0.0275,0.429,0.373,1.41,1.35,-21.84,-6.62,-102589,-87367,-262.1,-246.88,81.86,2.03
E07000212,Runnymede,  8979,371, 3500, 3520, 1588,597.91,226.91,3396.99,-103.01,3440.33,-79.67,2490.62,2119.62,2568.23,-931.77,2739.07,-780.93,4300.95,3929.95,1847.76,-1652.24,2098.31,-1421.69,0.215,0.0781,0.907,0.771,2.01,1.88,-27.26,-9.56,-110690,-92991,-221,-203.3,85.35,0.9
E07000213,Spelthorne, 12381,356, 4851, 4751, 2423,747.48,391.48,4679.87,-171.13,4610.37,-140.63,3946.52,3590.52,3361.4,-1489.6,3383.55,-1367.45,6625.34,6269.34,2351.66,-2499.34,2470.63,-2280.37,0.185,0.102,1.09,1.01,2.38,2.3,-31.07,-16.58,-172067,-157584,-307.39,-292.91,83.55,0.37
E07000214,Surrey Heath, 10008,152, 3869, 3622, 2365,293.06,141.06,3806.48,-62.52,3578.97,-43.03,1886.6,1734.6,3164.89,-704.11,3046.29,-575.71,3847.67,3695.67,2463.14,-1405.86,2526.24,-1095.76,0.101,0.0507,0.735,0.686,2.02,1.97,-10.13,-4.38,-67229,-61486,-142.47,-136.73,82.4,1.63
E07000215,Tandridge, 10088,43, 3522, 3505, 3018,154.92,111.92,3471.75,-50.25,3476.1,-28.9,1470.87,1427.87,2913.42,-608.58,3101.49,-403.51,3214.76,3171.76,2350.19,-1171.81,2650.59,-854.4,0.0427,0.0365,0.508,0.502,1.77,1.76,-3.62,-2.89,-44689,-43963,-126.52,-125.79,74.92,2.65
E07000216,Waverley, 13393,298, 6022, 4272, 2801,460.45,162.45,5923.38,-98.62,4231.4,-40.6,2151.5,1853.5,5009.56,-1012.44,3757.76,-514.24,4520.3,4222.3,3831.42,-2190.58,3170.92,-1101.08,0.0447,0.0208,0.339,0.316,1.11,1.09,-10.9,-3.81,-61095,-54003,-153.84,-146.75,80.03,2.41
E07000217,Woking, 12326,351, 5454, 4283, 2238,639.56,288.56,5320.81,-133.19,4186.34,-96.66,3319.76,2968.76,4156.31,-1297.69,3227.95,-1055.05,5889.89,5538.89,3028.88,-2425.12,2357.62,-1925.38,0.171,0.0793,0.946,0.854,1.93,1.84,-30.14,-13.88,-166827,-150571,-321.46,-305.21,87.52,1.1
E07000218,North Warwickshire,  8590,44, 3953, 2208, 2385,144.46,100.46,3899.51,-53.49,2187.99,-20.01,1370.02,1326.02,3277.59,-675.41,1936.36,-271.64,3003.43,2959.43,2632.81,-1320.19,1618.91,-589.09,0.0501,0.0383,0.57,0.558,1.89,1.88,-3.63,-2.16,-33446,-31981,-93.86,-92.39,77.32,2.19
E07000219,Nuneaton and Bedworth, 18356,480,10652, 5403, 1821,874.64,394.64,10402.95,-249.05,5295.03,-107.97,4688.98,4208.98,8059.48,-2592.52,4212.36,-1190.64,8326.57,7846.57,5898.14,-4753.86,3199.81,-2203.19,0.0771,0.0317,0.406,0.361,0.89,0.85,-34.16,-12.34,-155441,-133621,-288.79,-266.97,93.46,1.62
E07000220,Rugby, 14235,493, 6452, 3997, 3293,748.97,255.97,6324.05,-127.95,3924.55,-72.45,3081.87,2588.87,5253.41,-1198.59,3233.84,-763.16,5806.72,5313.72,4092.63,-2359.37,2515.59,-1481.41,0.15,0.0565,0.733,0.64,1.77,1.68,-28.74,-9.4,-119133,-99789,-235.69,-216.35,83.11,1.61
E07000221,Stratford-on-Avon, 15523,201, 6413, 3850, 5059,417.54,216.54,6276.08,-136.92,3805.11,-44.89,2571.04,2370.04,5042.1,-1370.9,3321.05,-528.95,5413.31,5212.31,3894.99,-2518.01,2835.46,-1014.54,0.0355,0.0267,0.412,0.403,1.93,1.92,-7.76,-4.57,-60211,-57025,-147.02,-143.83,66.55,1.47
E07000222,Warwick, 16907,1097, 8033, 4536, 3241,1455.8,358.8,7845,-188,4445.17,-90.83,4259.81,3162.81,6372.27,-1660.73,3708.1,-827.9,7683.69,6586.69,4702.22,-3330.78,2853.92,-1682.08,0.302,0.0605,0.74,0.499,1.6,1.36,-62.94,-12.06,-151143,-100263,-283.56,-232.68,87.84,1.5
E07000223,Adur,  8029,190, 4689, 1865, 1285,382.27,192.27,4548.6,-140.4,1832.38,-32.62,2150.12,1960.12,3291.85,-1397.15,1505.54,-359.46,3844.24,3654.24,2317.84,-2371.16,1169.02,-695.98,0.0747,0.0194,0.298,0.243,1.17,1.12,-7.48,-2.99,-38875,-34390,-82.49,-78.01,85.16,1.15
E07000224,Arun, 18411,1297, 9308, 4630, 3176,1870.53,573.53,8925.03,-382.97,4491.63,-138.37,5657.09,4360.09,6503.26,-2804.74,3538.61,-1091.39,9322.08,8025.08,4473.44,-4834.56,2641.1,-1988.9,0.14,0.0382,0.455,0.354,1.35,1.25,-64.79,-15.85,-163677,-114730,-301.99,-253.04,82.79,0.6
E07000225,Chichester, 12629,575, 4629, 3469, 3956,822.08,247.08,4502.32,-126.68,3406.88,-62.12,2692.07,2117.07,3585.63,-1043.37,2941.98,-527.02,4781.45,4206.45,2726.52,-1902.48,2467.69,-1001.31,0.186,0.0542,0.65,0.518,1.68,1.55,-30.91,-6.91,-78141,-54140,-143.09,-119.09,68.56,1.21
E07000226,Crawley, 16628,451,10049, 3427, 2701,865.74,414.74,9805.47,-243.53,3353.3,-73.7,4678.53,4227.53,7584.48,-2464.52,2624.47,-802.53,8020.08,7569.08,5587.6,-4461.4,2008.22,-1418.78,0.102,0.0509,0.575,0.524,1.04,0.99,-17.7,-8.74,-104773,-95806,-180.89,-171.92,95.24,1.48
E07000227,Horsham, 17208,360, 8030, 4007, 4811,611.81,251.81,7885.81,-144.19,3955.6,-51.4,3129.69,2769.69,6532.53,-1497.47,3417.39,-589.61,6603.04,6243.04,5031.53,-2998.47,2837.83,-1169.17,0.0715,0.0376,0.524,0.49,1.96,1.92,-14.15,-5.62,-75185,-66658,-164.63,-156.1,74.33,1.7
E07000228,Mid Sussex, 17702,250, 9622, 4380, 3450,489.89,239.89,9472.49,-149.51,4333.29,-46.71,3214.42,2964.42,7846.59,-1775.41,3774.77,-605.23,6924.64,6674.64,6105.87,-3516.13,3073.89,-1306.11,0.0624,0.0296,0.454,0.421,1.7,1.67,-12.59,-5.04,-76595,-69050,-197.78,-190.24,83.84,2.44
E07000229,Worthing, 12967,952, 7713, 2904, 1398,1365.36,413.36,7440.24,-272.76,2812.66,-91.34,4125.12,3173.12,5725.52,-1987.48,2134.38,-769.62,6676.25,5724.25,4082.03,-3630.97,1561.09,-1342.91,0.123,0.042,0.46,0.379,0.82,0.74,-35.9,-9.68,-100510,-74288,-157.95,-131.73,95.8,0.66
E07000234,Bromsgrove, 13100,68, 6657, 3928, 2447,274.62,206.62,6523.94,-133.06,3880.52,-47.48,2707.74,2639.74,5027.73,-1629.27,3279.75,-648.25,5241.72,5173.72,3775.23,-2881.77,2645.42,-1282.58,0.0374,0.0241,0.381,0.367,1.26,1.24,-6.49,-4.86,-73402,-71781,-171.26,-169.64,83.79,2.29
E07000235,Malvern Hills,  9247,127, 3622, 2699, 2799,233.47,106.47,3571.97,-50.03,2671.27,-27.73,1359.93,1232.93,3033.9,-588.1,2370.77,-328.23,2904.14,2777.14,2440.67,-1181.33,2020.6,-678.4,0.0832,0.0379,0.481,0.435,1.66,1.61,-8.71,-3.38,-44483,-39155,-103.04,-97.71,71.83,2.63
E07000236,Redditch, 12913,107, 5518, 4548, 2740,301.6,194.6,5431.31,-86.69,4488.16,-59.84,2656.12,2549.12,4421.21,-1096.79,3728.11,-819.89,5621.4,5514.4,3409.42,-2108.58,2730.98,-1817.02,0.0886,0.0564,0.816,0.784,2.32,2.29,-14.5,-8.91,-134181,-128596,-347.45,-341.87,83.67,2.56
E07000237,Worcester, 12837,273, 7701, 3134, 1729,520.97,247.97,7543.61,-157.39,3078.7,-55.3,3048.2,2775.2,5997.07,-1703.93,2486.02,-647.98,5574.23,5301.23,4472.8,-3228.2,1933.63,-1200.37,0.07,0.0289,0.4,0.359,0.87,0.83,-15.58,-5.98,-81152,-71547,-150.28,-140.68,93.95,1.72
E07000238,Wychavon, 15584,144, 6498, 4371, 4571,359.04,215.04,6373.32,-124.68,4323.09,-47.91,2718.67,2574.67,5075.66,-1422.34,3759.56,-611.44,5601.31,5457.31,3875.89,-2622.11,3129.56,-1241.44,0.0512,0.0323,0.473,0.454,1.76,1.74,-9.51,-5.04,-72600,-68123,-186.36,-181.88,69.6,1.8
E07000239,Wyre Forest, 12940,188, 6528, 4218, 2006,394.19,206.19,6404.35,-123.65,4161.08,-56.92,2642.97,2454.97,5120.87,-1407.13,3498.62,-719.38,5137.65,4949.65,3885.22,-2642.78,2745.01,-1472.99,0.054,0.0258,0.389,0.36,1.13,1.11,-12.35,-6.13,-89224,-83000,-207.75,-201.52,87.96,2.32
E08000001,Bolton, 43832,107,22930,12059, 8736,717.43,610.43,22612.29,-317.71,11911.22,-147.78,8043.7,7936.7,18980.92,-3949.08,10082.01,-1976.99,16750.89,16643.89,15179.24,-7750.76,8121.2,-3937.8,0.0376,0.0343,0.498,0.495,1.43,1.43,-14.56,-12.45,-188915,-186804,-421.57,-419.46,90.04,2.34
E08000002,Bury, 26515,156,11895, 9393, 5071,607.16,451.16,11695.51,-199.49,9266.51,-126.49,5574.86,5418.86,9592.35,-2302.65,7792.81,-1600.18,10867.1,10711.1,7547.94,-4347.06,6318.24,-3074.76,0.0609,0.0516,0.679,0.67,1.67,1.66,-14.21,-10.88,-154642,-151313,-309.83,-306.5,90.29,1.97
E08000003,Manchester, 69715,632,37136,17087,14860,2417.64,1785.64,36355.12,-780.88,16655.47,-431.53,19044.63,18412.63,28972.82,-8163.18,12513.18,-4573.82,33664.38,33032.38,21953.97,-15182.03,9228.01,-7858.99,0.104,0.0843,0.885,0.866,1.72,1.7,-58.91,-44.99,-493335,-479412,-861.81,-847.89,92.71,0.98
E08000004,Oldham, 38271,100,21304,10970, 5897,616.32,516.32,21024.45,-279.55,10833.5,-136.5,6647.9,6547.9,17882.13,-3421.87,9172.9,-1797.1,13645.53,13545.53,14530.7,-6773.3,7352.62,-3617.38,0.0351,0.0293,0.414,0.409,1.1,1.1,-15.96,-12.9,-190316,-187262,-411.84,-408.78,93.34,2.65
E08000005,Rochdale, 34008,113,15999,10713, 7183,638.71,525.71,15763.27,-235.73,10562.69,-150.31,6796.23,6683.23,13082.08,-2916.91,8759.41,-1953.59,13500.07,13387.07,10362.56,-5636.44,6942.71,-3770.29,0.0491,0.0445,0.601,0.597,1.5,1.5,-16.64,-14.42,-204020,-201802,-418.88,-416.66,91.48,2.21
E08000006,Salford, 30515,230,17787, 7717, 4781,897.06,667.06,17381.93,-405.07,7581.55,-135.45,7665.83,7435.83,13415.56,-4371.44,6074.66,-1642.34,13917.92,13687.92,9938.65,-7848.35,4687.23,-3029.77,0.0478,0.0352,0.453,0.44,1.05,1.04,-15.98,-11.39,-152464,-147871,-290.78,-286.18,93.07,1.35
E08000007,Stockport, 38638,551,21350, 9494, 7243,1432.69,881.69,20823.45,-526.55,9334,-159.99,9832.8,9281.8,16089.63,-5260.37,7623.67,-1870.33,17848.17,17297.17,12061.17,-9288.83,6012.63,-3481.37,0.0695,0.045,0.577,0.552,1.41,1.38,-23.88,-13.7,-181297,-171123,-360.15,-349.98,91.39,1.44
E08000008,Tameside, 33571,308,18739, 7672, 6852,892.36,584.36,18428.03,-310.97,7558.85,-113.15,6952.2,6644.2,15260.62,-3478.38,6341.36,-1330.64,13414.74,13106.74,12103.59,-6635.41,5079.09,-2592.91,0.0686,0.0416,0.525,0.498,1.26,1.24,-19.98,-10.63,-142262,-132909,-289.76,-280.41,92.51,2.21
E08000009,Trafford, 34239,517,16518, 9799, 7405,1572.77,1055.77,15978.41,-539.59,9520.57,-278.43,10608.57,10091.57,11516.07,-5001.93,7014.28,-2784.72,18042.82,17525.82,8145.62,-8372.38,5068.18,-4730.82,0.119,0.0792,0.849,0.809,1.8,1.76,-45.37,-28.54,-294498,-277667,-497.09,-480.25,89.1,0.67
E08000010,Wigan, 45099,489,23611,11753, 9246,1423.09,934.09,23123.73,-487.27,11553.34,-199.66,11010.9,10521.9,18268.53,-5342.47,9366.06,-2386.94,20886.72,20397.72,13809.8,-9801.2,7327,-4426,0.075,0.0574,0.717,0.699,1.82,1.81,-28.08,-18.53,-240910,-231355,-467.76,-458.2,88.35,1.45
E08000011,Knowsley, 25083,114,13167, 6775, 5027,704.03,590.03,12842.95,-324.05,6643.19,-131.81,6667.05,6553.05,9667.87,-3499.13,5247.81,-1527.19,12325.25,12211.25,6947.25,-6219.75,3890.49,-2884.51,0.0631,0.056,0.689,0.681,1.73,1.73,-17.28,-15.07,-187600,-185393,-409.37,-407.16,86.37,1.13
E08000012,Liverpool, 65882,272,32608,15613,17389,1940.15,1668.15,31878.33,-729.67,15235.17,-377.83,18619.18,18347.18,24667.84,-7940.16,11325.02,-4287.98,33966.23,33694.23,18396.89,-14211.11,8032.83,-7580.17,0.0988,0.0916,1.06,1.05,2.36,2.35,-49.58,-44.44,-532063,-526919,-1022.31,-1017.16,88.48,1.16
E08000013,St. Helens, 25996,145,12019, 8626, 5206,731.6,586.6,11732.81,-286.19,8466.16,-159.84,6797.59,6652.59,8910.49,-3108.51,6704.31,-1921.69,12567.66,12422.66,6619.03,-5399.97,5125.9,-3500.1,0.0768,0.0635,0.801,0.788,1.98,1.96,-20.2,-16.35,-206335,-202487,-398.04,-394.19,89.19,1.41
E08000014,Sefton, 38973,1077,18006,12064, 7826,2397.96,1320.96,17383.62,-622.38,11714.58,-349.42,13243.65,12166.65,12391.42,-5614.58,8682.7,-3381.3,21550.13,20473.13,8729.46,-9276.54,6335.48,-5728.52,0.159,0.0973,0.991,0.929,1.84,1.77,-67.62,-34.94,-359604,-326922,-592.79,-560.11,92.16,0.62
E08000015,Wirral, 48987,733,23209,13087,11958,1749.05,1016.05,22743.41,-465.59,12847.11,-239.89,11943.45,11210.45,18295.2,-4913.8,10281.15,-2805.85,23235.05,22502.05,13981.17,-9227.83,7594.89,-5492.11,0.0991,0.0735,0.918,0.892,2.38,2.36,-42.42,-27.55,-361417,-346545,-800.48,-785.61,84.9,1.63
E08000016,Barnsley, 33792,136,17742, 8330, 7584,510.9,374.9,17553.1,-188.9,8257.08,-72.92,5150.03,5014.03,15316.5,-2425.5,7307.58,-1022.42,11447.68,11311.68,12664.01,-5077.99,6110.14,-2219.86,0.0411,0.0328,0.486,0.477,1.48,1.47,-9.96,-7.02,-114713,-111766,-295.81,-292.86,88.14,2.9
E08000017,Doncaster, 46879,738,25857, 9900,10384,1864.21,1126.21,25253.29,-603.71,9709.38,-190.62,12248.76,11510.76,19733.66,-6123.34,7832.91,-2067.09,22369.18,21631.18,14564.11,-11292.89,6060.36,-3839.64,0.0825,0.0643,0.715,0.697,1.71,1.69,-30.54,-19.73,-234905,-224094,-470.09,-459.28,87.12,1.16
E08000018,Rotherham, 40515,145,24605, 9717, 6048,652.4,507.4,24280.35,-324.65,9624.42,-92.58,6815.95,6670.95,20461.96,-4143.04,8435.84,-1281.16,13980.84,13835.84,16577.37,-8027.63,7023.91,-2693.09,0.0225,0.0186,0.283,0.279,0.91,0.9,-9.75,-7.25,-118508,-116012,-278.78,-276.29,92.97,2.74
E08000019,Sheffield, 74702,178,42478,15345,16701,702.71,524.71,42181.73,-296.27,15258.44,-86.56,7894.76,7716.76,38300.24,-4177.76,14032.77,-1312.23,18892.33,18714.33,33211.28,-9266.72,12296.04,-3048.96,0.0195,0.0153,0.255,0.251,0.91,0.91,-9.91,-6.53,-132443,-129065,-367.33,-363.95,91.23,4.19
E08000020,Gateshead, 26244,91,13768, 5836, 6549,384.61,293.61,13603.47,-164.53,5785.23,-50.77,4016.26,3925.26,11704.2,-2063.8,5119.96,-716.04,8921.81,8830.81,9672.94,-4095.06,4280.04,-1555.96,0.0315,0.0264,0.419,0.414,1.44,1.44,-5.94,-4.4,-74879,-73342,-194.71,-193.17,88.62,3.13
E08000021,Newcastle upon Tyne, 37068,433,18952, 7806, 9877,1107.04,674.04,18601.79,-350.21,7684.62,-121.38,8286.29,7853.29,15091,-3861,6330.08,-1475.92,16313.42,15880.42,11693.16,-7258.85,4840.76,-2965.24,0.0698,0.0492,0.674,0.653,1.84,1.82,-21.22,-12.57,-178644,-169999,-438.92,-430.27,87.77,2.02
E08000022,North Tyneside, 28328,534,16730, 6291, 4773,1245.75,711.75,16310.01,-419.99,6160.39,-130.61,8016.5,7482.5,12403.9,-4326.1,4824.71,-1466.29,13955,13421,9090.53,-7639.47,3655.68,-2635.32,0.088,0.0542,0.64,0.606,1.31,1.28,-23.87,-13.84,-172245,-162211,-318.44,-308.4,92.35,1.19
E08000023,South Tyneside, 20213,311,10785, 4450, 4667,829.26,518.26,10538.12,-246.88,4360.59,-89.41,5676.16,5365.16,8256.29,-2528.71,3445.59,-1004.41,9927.97,9616.97,6209.55,-4575.45,2663.4,-1786.6,0.101,0.0777,0.849,0.826,1.69,1.67,-14.76,-8.93,-107898,-102063,-194.43,-188.6,93.24,1.24
E08000024,Sunderland, 40237,169,22491, 9443, 8134,835.1,666.1,22111.96,-379.04,9313.35,-129.65,8534.46,8365.46,17858.76,-4632.24,7741.9,-1701.1,16722.8,16553.8,13673.79,-8817.21,6058.49,-3384.51,0.0363,0.0332,0.458,0.455,1.19,1.18,-15.32,-12.43,-184833,-181943,-406.64,-403.75,91.75,2.04
E08000025,Birmingham,181551,1005,97270,48375,34901,3974.35,2969.35,95787.84,-1482.16,47616.95,-758.05,37560.81,36555.81,79523.83,-17746.17,38748.5,-9626.5,73906.41,72901.41,62840.02,-34429.98,29930.24,-18444.76,0.057,0.0463,0.615,0.604,1.52,1.51,-103.18,-78.93,-1109150,-1084898,-2309.21,-2284.96,90.45,1.94
E08000026,Coventry, 49829,707,30787,10370, 7965,1736.96,1029.96,30157.91,-629.09,10170.45,-199.55,12253.43,11546.43,23863.97,-6923.03,8059.15,-2310.85,22756.74,22049.74,18018.15,-12768.85,6115.66,-4254.34,0.0661,0.0406,0.519,0.494,1.3,1.28,-39.98,-20.8,-268142,-248959,-512.65,-493.47,91.6,1.57
E08000027,Dudley, 45417,537,25443,14915, 4522,1039.7,502.7,25138.75,-304.25,14770.56,-144.44,7110.59,6573.59,21587.16,-3855.84,12971.96,-1943.04,14825.33,14288.33,17374.8,-8068.2,10730.9,-4184.1,0.0271,0.0155,0.241,0.229,0.7,0.69,-28.63,-12.17,-201089,-184627,-462.46,-446,94.28,3.11
E08000028,Sandwell, 53178,91,32535,12864, 7688,879.08,788.08,32041.33,-493.67,12699.33,-164.67,10103.51,10012.51,26435.74,-6099.26,10666.41,-2197.59,20313.91,20222.91,20836.3,-11698.7,8432.67,-4431.33,0.0286,0.0253,0.362,0.359,1.07,1.07,-19.75,-16.47,-248668,-245391,-570.87,-567.59,90.85,2.35
E08000029,Solihull, 31624,415,16140, 9629, 5440,1180.18,765.18,15699.9,-440.1,9449.99,-179.01,8787.68,8372.68,11472.92,-4667.08,7524.01,-2104.99,15226.99,14811.99,8240.79,-7899.21,5872.51,-3756.49,0.0653,0.0468,0.576,0.557,1.31,1.29,-26.9,-17.32,-221164,-211585,-405.97,-396.39,90.76,1.31
E08000030,Walsall, 44927,453,25123,12525, 6826,1290.1,837.1,24654.22,-468.79,12307.53,-217.47,10140.38,9687.38,19881.54,-5241.46,9892.44,-2632.56,19323.84,18870.84,15304.33,-9818.67,7553.61,-4971.39,0.058,0.0414,0.547,0.53,1.4,1.38,-36.34,-22.75,-305506,-291919,-634.82,-621.24,90.09,1.67
E08000031,Wolverhampton, 40910,371,22715,11039, 6785,1258.47,887.47,22217.2,-497.8,10821.68,-217.32,10445.69,10074.69,17222.9,-5492.1,8460.09,-2578.91,19063.63,18692.63,12876.76,-9838.24,6282.92,-4756.08,0.0636,0.0489,0.619,0.604,1.42,1.41,-33.65,-23.27,-302047,-291674,-595.84,-585.47,92.49,1.54
E08000032,Bradford, 95709,155,49642,25263,20649,975.81,820.81,49247.57,-394.43,25053.29,-209.71,11854.33,11699.33,44311.71,-5330.29,22162.19,-3100.81,28504.44,28349.44,37946.53,-11695.47,18132.31,-7130.68,0.0356,0.0277,0.437,0.429,1.43,1.42,-26.76,-22.59,-381542,-377371,-1035.19,-1031.02,89.84,3.54
E08000033,Calderdale, 32711,31,14867, 9117, 8696,213.51,182.51,14777.64,-89.36,9072.5,-44.5,2783.96,2752.96,13607.82,-1259.18,8431.43,-685.57,7409.75,7378.75,11951.06,-2915.94,7456.52,-1660.48,0.0176,0.0151,0.263,0.26,1.1,1.1,-4.17,-3.25,-65512,-64598,-201.33,-200.41,86.03,4.32
E08000034,Kirklees, 64233,123,30088,21571,12451,565.57,442.57,29881.82,-206.18,21431.65,-139.35,6779.77,6656.77,27171.17,-2916.83,19418.94,-2152.06,17245.71,17122.71,23504.03,-6583.98,16190.46,-5380.54,0.0293,0.0216,0.367,0.359,1.31,1.3,-20.97,-14.68,-270223,-263939,-819.3,-813.02,90.11,3.99
E08000035,Leeds,107215,482,57926,25881,22926,1735.37,1253.37,57241.5,-684.49,25609.43,-271.57,17186.54,16704.54,49120.79,-8805.21,22115.38,-3765.62,36691.77,36209.77,39905.82,-18020.18,18028.63,-7852.37,0.0369,0.0284,0.422,0.414,1.23,1.22,-38.36,-26.35,-422446,-410432,-979.96,-967.95,89.42,2.75
E08000036,Wakefield, 48789,263,28352,13112, 7062,1001.64,738.64,27917.81,-434.19,12951.42,-160.58,9518.64,9255.64,23027.16,-5324.84,11006.76,-2105.24,19004.36,18741.36,18048.92,-10303.08,8932.41,-4179.6,0.0411,0.032,0.439,0.43,1.16,1.15,-22.17,-15.59,-224820,-218240,-478.26,-471.69,91.89,2.25
E09000001,City of London,   276,2,  183,   10,   81,8.74,6.74,180.11,-2.89,9.78,-0.22,69.82,67.82,153.25,-29.75,7.41,-2.59,130.88,128.88,118.44,-64.56,5.38,-4.62,0.113,0.0961,0.99,0.973,1.91,1.89,-0.11,-0.01,-287,-193,-0.42,-0.32,91.07,0.77
E09000002,Barking and Dagenham, 36502,261,22408, 5780, 8053,1389.2,1128.2,21818.48,-589.52,5636.06,-143.94,11346.43,11085.43,16417.1,-5990.9,4244.97,-1535.03,18745.23,18484.23,12033.43,-10374.57,3212.2,-2567.8,0.0917,0.0788,0.755,0.742,1.33,1.31,-17,-12.54,-140289,-135829,-235.68,-231.22,92.84,0.47
E09000003,Barnet, 49804,271,19756,13109,16668,981.02,710.02,19500.75,-255.25,12950.92,-158.08,9419.18,9148.18,16588.91,-3167.09,10963.57,-2145.43,19697.31,19426.31,13417.81,-6338.19,8805.46,-4303.54,0.0723,0.0568,0.788,0.773,2.19,2.18,-20.49,-14.49,-231721,-225727,-541.71,-535.71,83.73,2.22
E09000004,Bexley, 38479,776,17016, 9536,11151,1637.04,861.04,16667.24,-348.76,9349.29,-186.71,10187.38,9411.38,13353.59,-3662.41,7402.26,-2133.74,18808.28,18032.28,10207.38,-6808.62,5601.86,-3934.14,0.127,0.0847,1.03,0.991,2.34,2.3,-41.92,-20.93,-272929,-251942,-530.29,-509.3,88.68,1.52
E09000005,Brent, 44427,166,20845, 7959,15457,988.68,822.68,20505.4,-339.6,7833.74,-125.26,10081.07,9915.07,16843.11,-4001.89,6363.75,-1595.25,19694.28,19528.28,13215.08,-7629.91,4935.35,-3023.65,0.0747,0.067,0.861,0.853,2.17,2.16,-15.38,-12,-176536,-173155,-386.42,-383.04,86.07,1.57
E09000006,Bromley, 44330,277,20394, 9461,14198,1113.56,836.56,20018.59,-375.41,9327.07,-133.93,10250.39,9973.38,16103.52,-4290.48,7709.46,-1751.54,19729.95,19452.95,12494.41,-7899.59,6168.06,-3292.94,0.0774,0.0655,0.847,0.835,2.11,2.09,-19.42,-14.7,-211349,-206627,-441.94,-437.22,86.19,1.95
E09000007,Camden, 18967,121,12604, 1059, 5183,471.25,350.25,12412.85,-191.15,1044.14,-14.86,4244.5,4123.5,10334.33,-2269.67,869.82,-189.18,7954.91,7833.91,8193.04,-4410.96,702.72,-356.28,0.0549,0.047,0.56,0.553,1.22,1.22,-1.86,-1.07,-18157,-17370,-36.19,-35.4,94.3,1.79
E09000008,Croydon, 53420,234,22123,13115,17948,1040.94,806.94,21812.72,-310.28,12954.1,-160.9,10211.54,9977.54,18477.88,-3645.12,10988.73,-2126.28,21765.97,21531.97,14852.98,-7270.02,8650.75,-4464.25,0.0763,0.0608,0.83,0.814,2.39,2.38,-23.29,-16.96,-263613,-257286,-678.78,-672.45,81.71,2.12
E09000009,Ealing, 50065,354,28306, 7650,13755,1577.82,1223.82,27716.92,-589.08,7484.96,-165.04,13494.71,13140.71,21888.76,-6417.24,5772.28,-1877.72,24084.48,23730.48,16557.49,-11748.51,4395.88,-3254.12,0.0905,0.0751,0.827,0.812,1.78,1.77,-22.87,-16.47,-203552,-197149,-381.19,-374.79,90.02,1.03
E09000010,Enfield, 45779,164,22817,10799,11999,1312.05,1148.05,22327.61,-489.39,10573.98,-225.02,12288.35,12124.35,17609.45,-5207.55,8232.02,-2566.98,21662.22,21498.22,13358.62,-9458.38,6354.8,-4444.2,0.0881,0.0812,0.872,0.865,1.77,1.76,-25.35,-22.01,-262957,-259618,-477.66,-474.32,88.78,0.96
E09000011,Greenwich, 40338,225,18621, 6420,15072,930.99,705.99,18373.24,-247.76,6323.48,-96.52,8530.04,8305.04,15784.48,-2836.52,5219.13,-1200.87,17338.32,17113.32,12892.02,-5728.98,4127.41,-2292.59,0.0933,0.0781,0.984,0.968,2.51,2.49,-13.27,-9.65,-139116,-135496,-306.71,-303.09,84.78,1.96
E09000012,Hackney, 31004,438,20254, 2247, 8065,1166.35,728.35,19877.86,-376.14,2196.62,-50.38,7980.84,7542.84,16292.82,-3961.18,1695.87,-551.13,14313.57,13875.57,12526.9,-7727.1,1295.63,-951.37,0.0844,0.0653,0.695,0.676,1.39,1.37,-9.05,-4.11,-54446,-49509,-92.33,-87.39,93.08,0.91
E09000013,Hammersmith and Fulham, 16650,246, 9678, 1132, 5594,716.52,470.52,9457.23,-220.77,1104.41,-27.59,4936.99,4690.99,7448.37,-2229.63,832.93,-299.07,8716.77,8470.77,5540.8,-4137.2,624.87,-507.13,0.118,0.1,1.05,1.03,2.25,2.23,-4.33,-2.37,-31065,-29107,-54.87,-52.91,89.25,0.51
E09000014,Haringey, 34848,241,20733, 4100, 9774,920.13,679.13,20392.73,-340.27,4038.3,-61.7,7968.43,7727.43,16876.74,-3856.26,3325.72,-774.28,15026.53,14785.53,13250.99,-7482.01,2660.45,-1439.55,0.061,0.0545,0.646,0.639,1.49,1.48,-7.01,-4.49,-70309,-67786,-139.65,-137.12,91.6,1.52
E09000015,Harrow, 32482,253,15410, 8034, 8785,966.41,713.41,15082.51,-327.49,7885.51,-148.49,8227.08,7974.09,11823.86,-3586.14,6252.18,-1781.82,14805.81,14552.81,8948.96,-6461.04,4858.38,-3175.62,0.0802,0.0658,0.78,0.765,1.75,1.73,-20.1,-13.91,-183223,-177026,-357.31,-351.11,87.6,1.29
E09000016,Havering, 34980,552,17154, 7895, 9379,1409.49,857.49,16755.58,-398.42,7736.74,-158.26,9543.45,8991.45,13092.84,-4061.16,6083.03,-1811.97,17282.47,16730.47,9844.47,-7309.53,4614.79,-3280.21,0.113,0.0822,0.951,0.921,2.22,2.18,-25.67,-16.41,-207053,-197794,-422.1,-412.84,86.19,1.13
E09000017,Hillingdon, 43864,512,21045,11781,10526,1591.25,1079.25,20512.66,-532.34,11552.74,-228.26,11996.9,11484.9,15548.69,-5496.31,9081.85,-2699.15,21524.44,21012.44,11263.11,-9781.89,7011.17,-4769.83,0.0921,0.0692,0.811,0.788,1.92,1.9,-32.19,-22.39,-282916,-273126,-557.8,-548.01,85.87,0.9
E09000018,Hounslow, 37460,808,19329, 7070,10253,1986.17,1178.17,18807.23,-521.77,6881.14,-188.86,11912.02,11104.02,14397.38,-4931.62,5151.03,-1918.97,19814.89,19006.89,10594.42,-8734.58,3840.87,-3229.13,0.142,0.104,1.05,1.01,1.99,1.95,-31.34,-19.87,-218716,-207241,-381.06,-369.59,89.67,0.58
E09000019,Islington, 22271,169,14257, 1303, 6542,607.73,438.73,14035.68,-221.32,1280.37,-22.63,5173.3,5004.3,11739.08,-2517.92,1033.41,-269.59,9675.13,9506.13,9239.15,-5017.85,813.06,-489.94,0.0624,0.0563,0.66,0.654,1.37,1.36,-3.11,-1.71,-25687,-24279,-45.89,-44.48,94.47,1.5
E09000020,Kensington and Chelsea,  9386,87, 5330,  838, 3131,299.68,212.68,5240.19,-89.81,820.5,-17.5,2390.88,2303.88,4348.2,-981.8,633.64,-204.36,4424.78,4337.78,3350.33,-1979.67,480.26,-357.74,0.0942,0.0823,0.905,0.893,1.91,1.89,-1.98,-1.4,-19275,-18700,-34.92,-34.35,90.85,1.06
E09000021,Kingston upon Thames, 21405,679,11467, 3924, 5335,1254.2,575.2,11203.24,-263.76,3840.02,-83.98,6261.16,5582.16,8922.49,-2544.51,3005.94,-918.06,10936.74,10257.74,6709.08,-4757.92,2268.11,-1655.89,0.17,0.0898,0.988,0.907,2,1.92,-19.8,-8.57,-111192,-99965,-209.55,-198.32,92.03,1.09
E09000022,Lambeth, 35552,427,19334, 3456,12335,1136.42,709.42,19031.33,-302.67,3406.83,-49.17,8234.23,7807.23,16040.4,-3293.6,2840.7,-615.3,15490.37,15063.37,12759.81,-6574.19,2307.76,-1148.24,0.089,0.0711,0.829,0.811,1.88,1.86,-8.29,-3.53,-61165,-56399,-119.84,-115.08,89.42,1.44
E09000023,Lewisham, 41205,215,21629, 5551,13810,891.63,676.63,21339.27,-289.73,5479.67,-71.33,8469.66,8254.66,18170.46,-3458.54,4622,-929,17061.98,16846.98,14611.22,-7017.78,3735.95,-1815.05,0.0703,0.0603,0.779,0.769,1.94,1.93,-7.68,-5.52,-91450,-89283,-198.74,-196.58,88.23,1.91
E09000024,Merton, 26538,270,13943, 4115, 8210,874.23,604.23,13691.1,-251.9,4030.33,-84.67,6847.68,6577.68,11237.82,-2705.18,3111.61,-1003.39,13198.65,12928.65,8569.99,-5373.01,2288.29,-1826.71,0.122,0.0989,1.15,1.13,2.66,2.64,-13.34,-9.14,-121278,-117078,-249.39,-245.19,85.65,0.97
E09000025,Newham, 53345,119,38012, 4297,10917,1764.35,1645.35,37019.63,-992.37,4174.84,-122.16,16175.83,16056.83,28005.46,-10006.54,3040.31,-1256.69,27341.53,27222.53,20386.52,-17625.48,2218.63,-2078.37,0.0668,0.0605,0.57,0.564,1.05,1.05,-12.52,-10.72,-115819,-114025,-197.81,-196.01,94.6,0.38
E09000026,Redbridge, 47877,244,26790,11021, 9822,1483.61,1239.61,26159.81,-630.19,10759.76,-261.24,13333.58,13089.58,20049.21,-6740.79,8178.66,-2842.34,23274.4,23030.4,14967.98,-11822.02,6083.35,-4937.65,0.0741,0.0666,0.715,0.707,1.53,1.52,-30.38,-25.79,-293576,-288984,-545.66,-541.07,90.3,1.03
E09000027,Richmond upon Thames, 19349,734,11810, 2934, 3871,1210.24,476.24,11538.58,-271.42,2876.54,-57.46,5235.07,4501.07,9293.27,-2516.73,2332.57,-601.43,9369.83,8635.83,6979.32,-4830.68,1813.16,-1120.84,0.122,0.0627,0.714,0.655,1.62,1.56,-11.61,-3.85,-54529,-46761,-98.4,-90.63,90.94,0.75
E09000028,Southwark, 33045,272,19864, 2847,10062,1055.21,783.21,19503.85,-360.15,2799.96,-47.04,8350.27,8078.27,16051.29,-3812.71,2289.17,-557.83,15225.75,14953.75,12430.06,-7433.94,1817.39,-1029.61,0.0931,0.0776,0.818,0.802,1.69,1.67,-4.98,-2.68,-43115,-40814,-83.03,-80.73,91.89,0.96
E09000029,Sutton, 30208,404,17163, 6130, 6511,1028.01,624.01,16823.84,-339.16,6028.71,-101.29,7595.31,7191.31,13314.16,-3848.84,4864.27,-1265.73,14075.32,13671.32,10082.17,-7080.83,3765.25,-2364.75,0.0919,0.0538,0.686,0.648,1.62,1.58,-18.04,-9.94,-145743,-137641,-300.6,-292.5,90.6,1.64
E09000030,Tower Hamlets, 38145,296,26729, 3859, 7261,1331.8,1035.8,26124.63,-604.36,3762.95,-96.05,10724.24,10428.24,20401.69,-6327.31,2856.84,-1002.16,18280.87,17984.87,15205.93,-11523.07,2140.49,-1718.51,0.0688,0.0523,0.499,0.483,0.83,0.81,-10.16,-6.95,-79630,-76419,-124.54,-121.33,96.98,0.53
E09000031,Waltham Forest, 40927,216,26926, 5371, 8414,1101.52,885.52,26415.74,-510.26,5266.47,-104.53,10190.51,9974.51,21119.55,-5806.45,4132.52,-1238.48,18340.48,18124.48,16176.24,-10749.76,3149.57,-2221.43,0.0536,0.0449,0.514,0.506,1.07,1.06,-12.56,-9.13,-123461,-120028,-241.15,-237.72,93.77,1.22
E09000032,Wandsworth, 28864,405,16307, 3194, 8958,976.72,571.72,16052.87,-254.13,3141.05,-52.95,6679.91,6274.91,13580.13,-2726.87,2565.5,-628.5,12778.42,12373.42,10790.98,-5516.02,2033.41,-1160.59,0.0941,0.0745,0.888,0.868,2.04,2.02,-8.7,-4.18,-63364,-58846,-123.67,-119.15,88.82,1.35
E09000033,Westminster, 15692,62, 9179, 1067, 5384,416.08,354.08,9028.68,-150.32,1044.15,-22.85,3952.74,3890.74,7497.4,-1681.6,803.42,-263.58,7349.23,7287.23,5801.8,-3377.2,599.84,-467.16,0.0841,0.0765,0.862,0.854,1.83,1.82,-2.35,-1.7,-23117,-22471,-43.39,-42.75,90.71,0.94
